/Game/PrimalEarth/Dinos/Achatina/Achatina_Character_BP.Achatina_Character_BP,Achatina
/Game/PrimalEarth/Dinos/Allosaurus/Allo_Character_BP.Allo_Character_BP,Allosaurus
/Game/PrimalEarth/Dinos/Carno/MegaCarno_Character_BP.MegaCarno_Character_BP,Alpha Carno
/Game/PrimalEarth/Dinos/Leedsichthys/Alpha_Leedsichthys_Character_BP.Alpha_Leedsichthys_Character_BP,Alpha Leedsichthys
/Game/PrimalEarth/Dinos/Megalodon/MEgaMegalodon_Character_BP.MegaMegalodon_Character_BP,Alpha Megalodon
/Game/PrimalEarth/Dinos/Mosasaurus/Mosa_Character_BP_Mega.Mosa_Character_BP_Mega,Alpha Mosasaur
/Game/PrimalEarth/Dinos/Raptor/MegaRaptor_Character_BP.MegaRaptor_Character_BP,Alpha Raptor
/Game/PrimalEarth/Dinos/Rex/MegaRex_Character_BP.MegaRex_Character_BP,Alpha T-Rex
/Game/PrimalEarth/Dinos/Tusoteuthis/Mega_Tusoteuthis_Character_BP.Mega_Tusoteuthis_Character_BP,Alpha Tusoteuthis
/Game/PrimalEarth/Dinos/Ammonite/Ammonite_Character.Ammonite_Character,Ammonite
/Game/PrimalEarth/Dinos/Anglerfish/Angler_Character_BP.Angler_Character_BP,Anglerfish
/Game/PrimalEarth/Dinos/Ankylo/Ankylo_Character_BP.Ankylo_Character_BP,Ankylosaurus
/Game/PrimalEarth/Dinos/Spider-Small/SpiderS_Character_BP.SpiderS_Character_BP,Araneo
/Game/PrimalEarth/Dinos/Archaeopteryx/Archa_Character_BP.Archa_Character_BP,Archaeopteryx
/Game/PrimalEarth/Dinos/Argentavis/Argent_Character_BP.Argent_Character_BP,Argentavis
/Game/PrimalEarth/Dinos/Arthropluera/Arthro_Character_BP.Arthro_Character_BP,Arthropluera
/Game/PrimalEarth/Dinos/Baryonyx/Baryonyx_Character_BP.Baryonyx_Character_BP,Baryonyx
/Game/PrimalEarth/Dinos/Basilosaurus/Basilosaurus_Character_BP.Basilosaurus_Character_BP,Basilosaurus
/Game/PrimalEarth/Dinos/Toad/Toad_Character_BP.Toad_Character_BP,Beelzebufo
/Game/PrimalEarth/Dinos/Dodo/Dodo_Character_BP_Bunny.Dodo_Character_BP_Bunny,Bunny Dodo
/Game/PrimalEarth/Dinos/Oviraptor/BunnyOviraptor_Character_BP.BunnyOviraptor_Character_BP,Bunny Oviraptor
/Game/PrimalEarth/Dinos/Sauropod/Sauropod_Character_BP.Sauropod_Character_BP,Brontosaurus
/Game/PrimalEarth/Dinos/Chalicotherium/Chalico_Character_BP.Chalico_Character_BP,Chalicotherium
/Game/PrimalEarth/Dinos/Turtle/Turtle_Character_BP.Turtle_Character_BP,Carbonemys
/Game/PrimalEarth/Dinos/Carno/Carno_Character_BP.Carno_Character_BP,Carnotaurus
/Game/PrimalEarth/Dinos/Beaver/Beaver_Character_BP.Beaver_Character_BP,Castoroides
/Game/PrimalEarth/Dinos/Cnidaria/Cnidaria_Character_BP.Cnidaria_Character_BP,Cnidaria
/Game/PrimalEarth/Dinos/Coelacanth/Coel_Character_BP.Coel_Character_BP,Coelacanth
/Game/PrimalEarth/Dinos/Compy/Compy_Character_BP.Compy_Character_BP,Compy
/Game/PrimalEarth/Dinos/Daeodon/Daeodon_Character_BP.Daeodon_Character_BP,Daeodon
/Game/ScorchedEarth/Dinos/DeathWorm/DeathWorm_Character_BP.DeathWorm_Character_BP,Deathworm
/Game/PrimalEarth/Dinos/Dilo/Dilo_Character_BP.Dilo_Character_BP,Dilophosaur
/Game/PrimalEarth/Dinos/Dimetrodon/Dimetro_Character_BP.Dimetro_Character_BP,Dimetrodon
/Game/PrimalEarth/Dinos/Dimorphodon/Dimorph_Character_BP.Dimorph_Character_BP,Dimorphodon
/Game/PrimalEarth/Dinos/Diplocaulus/Diplocaulus_Character_BP.Diplocaulus_Character_BP,Diplocaulus
/Game/PrimalEarth/Dinos/Diplodocus/Diplodocus_Character_BP.Diplodocus_Character_BP,Diplodocus
/Game/PrimalEarth/Dinos/Direbear/Direbear_Character_BP.Direbear_Character_BP,Dire Bear
/Game/PrimalEarth/Dinos/Direwolf/Direwolf_Character_BP.Direwolf_Character_BP,Direwolf
/Game/PrimalEarth/Dinos/Direwolf/Ghost_Direwolf_Character_BP.Ghost_Direwolf_Character_BP,Direwolf Ghost
/Game/PrimalEarth/Dinos/Dodo/Dodo_Character_BP.Dodo_Character_BP,Dodo
/Game/PrimalEarth/Dinos/DodoRex/DodoRex_Character_BP.DodoRex_Character_BP,DodoRex
/Game/PrimalEarth/Dinos/Doedicurus/Doed_Character_BP.Doed_Character_BP,Doedicurus
/Game/PrimalEarth/Dinos/DungBeetle/DungBeetle_Character_BP.DungBeetle_Character_BP,Dung Beetle
/Game/PrimalEarth/Dinos/Dunkleosteus/Dunkle_Character_BP.Dunkle_Character_BP,Dunkleosteus
/Game/PrimalEarth/Dinos/Eel/Eel_Character_BP.Eel_Character_BP,Electrophorus
/Game/PrimalEarth/Dinos/Equus/Equus_Character_BP.Equus_Character_BP,Equus
/Game/PrimalEarth/Dinos/Equus/Equus_Character_BP_Unicorn.Equus_Character_BP_Unicorn,Unicorn
/Game/PrimalEarth/Dinos/Eurypterid/Euryp_Character.Euryp_Character,Eurypterid
/Game/PrimalEarth/Dinos/Gallimimus/Galli_Character_BP.Galli_Character_BP,Gallimimus
/Game/PrimalEarth/Dinos/Bee/Bee_Character_BP.Bee_Character_BP,Giant Bee
/Game/PrimalEarth/Dinos/Giganotosaurus/Gigant_Character_BP.Gigant_Character_BP,Giganotosaurus
/Game/PrimalEarth/Dinos/Bigfoot/Bigfoot_Character_BP.Bigfoot_Character_BP,Gigantopithecus
/Game/PrimalEarth/Dinos/Hesperornis/Hesperornis_Character_BP.Hesperornis_Character_BP,Hesperornis
/Game/PrimalEarth/CoreBlueprints/PlayerPawnTest_Male.PlayerPawnTest_Male,Human (Male)
/Game/PrimalEarth/CoreBlueprints/PlayerPawnTest_Female.PlayerPawnTest_Female,Human (Female)
/Game/PrimalEarth/Dinos/Hyaenodon/Hyaenodon_Character_BP.Hyaenodon_Character_BP,Hyaenodon
/Game/PrimalEarth/Dinos/Ichthyornis/Ichthyornis_Character_BP.Ichthyornis_Character_BP,Ichthyornis
/Game/PrimalEarth/Dinos/Dolphin/Dolphin_Character_BP.Dolphin_Character_BP,Ichthyosaurus
/Game/PrimalEarth/Dinos/Iguanodon/Iguanodon_Character_BP.Iguanodon_Character_BP,Iguanodon
/Game/PrimalEarth/Dinos/Kairuku/Kairuku_Character_BP.Kairuku_Character_BP,Kairuku
/Game/PrimalEarth/Dinos/Kaprosuchus/Kaprosuchus_Character_BP.Kaprosuchus_Character_BP,Kaprosuchus
/Game/PrimalEarth/Dinos/Kentrosaurus/Kentro_Character_BP.Kentro_Character_BP,Kentrosaurus
/Game/PrimalEarth/Dinos/Leech/Leech_Character.Leech_Character,Leech
/Game/PrimalEarth/Dinos/Leech/Leech_Character_Diseased.Leech_Character_Diseased,Diseased Leech
/Game/PrimalEarth/Dinos/Leedsichthys/Leedsichthys_Character_BP.Leedsichthys_Character_BP,Leedsichthys
/Game/PrimalEarth/Dinos/Liopleurodon/Liopleurodon_Character_BP.Liopleurodon_Character_BP,Liopleurodon
/Game/PrimalEarth/Dinos/Lystrosaurus/Lystro_Character_BP.Lystro_Character_BP,Lystrosaurus
/Game/PrimalEarth/Dinos/Mammoth/Mammoth_Character_BP.Mammoth_Character_BP,Mammoth
/Game/PrimalEarth/Dinos/Manta/Manta_Character_BP.Manta_Character_BP,Manta
/Game/PrimalEarth/Dinos/Megalania/Megalania_Character_BP.Megalania_Character_BP,Megalania
/Game/PrimalEarth/Dinos/Stag/Stag_Character_BP.Stag_Character_BP,Megaloceros
/Game/PrimalEarth/Dinos/Megalodon/Megalodon_Character_BP.Megalodon_Character_BP,Megalodon
/Game/PrimalEarth/Dinos/Megalosaurus/Megalosaurus_Character_BP.Megalosaurus_Character_BP,Megalosaurus
/Game/PrimalEarth/Dinos/Dragonfly/Dragonfly_Character_BP.Dragonfly_Character_BP,Meganeura
/Game/PrimalEarth/Dinos/Megatherium/Megatherium_Character_BP.Megatherium_Character_BP,Megatherium
/Game/PrimalEarth/Dinos/Monkey/Monkey_Character_BP.Monkey_Character_BP,Mesopithecus
/Game/PrimalEarth/Dinos/Microraptor/Microraptor_Character_BP.Microraptor_Character_BP,Microraptor
/Game/PrimalEarth/Dinos/Mosasaurus/Mosa_Character_BP.Mosa_Character_BP,Mosasaurus
/Game/PrimalEarth/Dinos/Moschops/Moschops_Character_BP.Moschops_Character_BP,Moschops
/Game/PrimalEarth/Dinos/Bat/Bat_Character_BP.Bat_Character_BP,Onychonycteris
/Game/PrimalEarth/Dinos/Otter/Otter_Character_BP.Otter_Character_BP,Otter
/Game/PrimalEarth/Dinos/Oviraptor/Oviraptor_Character_BP.Oviraptor_Character_BP,Oviraptor
/Game/PrimalEarth/Dinos/Sheep/Sheep_Character_BP.Sheep_Character_BP,Ovis
/Game/PrimalEarth/Dinos/Pachy/Pachy_Character_BP.Pachy_Character_BP,Pachy
/Game/PrimalEarth/Dinos/Pachyrhinosaurus/Pachyrhino_Character_BP.Pachyrhino_Character_BP,Pachyrhinosaurus
/Game/PrimalEarth/Dinos/Paraceratherium/Paracer_Character_BP.Paracer_Character_BP,Paraceratherium
/Game/PrimalEarth/Dinos/Para/Para_Character_BP.Para_Character_BP,Parasaurolophus
/Game/PrimalEarth/Dinos/Pegomastax/Pegomastax_Character_BP.Pegomastax_Character_BP,Pegomastax
/Game/PrimalEarth/Dinos/Pelagornis/Pela_Character_BP.Pela_Character_BP,Pelagornis
/Game/PrimalEarth/Dinos/Phiomia/Phiomia_Character_BP.Phiomia_Character_BP,Phiomia
/Game/ScorchedEarth/Dinos/Phoenix/Phoenix_Character_BP.Phoenix_Character_BP,Phoenix
/Game/PrimalEarth/Dinos/Piranha/Piranha_Character_BP.Piranha_Character_BP,Piranha
/Game/PrimalEarth/Dinos/Plesiosaur/Plesiosaur_Character_BP.Plesiosaur_Character_BP,Plesiosaur
/Game/PrimalEarth/Dinos/Procoptodon/Procoptodon_Character_BP.Procoptodon_Character_BP,Procoptodon
/Game/PrimalEarth/Dinos/Ptero/Ptero_Character_BP.Ptero_Character_BP,Pteranodon
/Game/PrimalEarth/Dinos/Scorpion/Scorpion_Character_BP.Scorpion_Character_BP,Pulmonoscorpius
/Game/PrimalEarth/Dinos/Purlovia/Purlovia_Character_BP.Purlovia_Character_BP,Purlovia
/Game/PrimalEarth/Dinos/Quetzalcoatlus/Quetz_Character_BP.Quetz_Character_BP,Quetzalcoatlus
/Game/PrimalEarth/Dinos/Raptor/Raptor_Character_BP.Raptor_Character_BP,Raptor
/Game/PrimalEarth/Dinos/Rex/Rex_Character_BP.Rex_Character_BP,Rex
/Game/PrimalEarth/Dinos/Rex/Ghost_Rex_Character_BP.Ghost_Rex_Character_BP,Rex Ghost
/Game/PrimalEarth/Dinos/Saber/Saber_Character_BP.Saber_Character_BP,Sabertooth
/Game/PrimalEarth/Dinos/Salmon/Salmon_Character_BP.Salmon_Character_BP,Sabertooth Salmon
/Game/PrimalEarth/Dinos/Sarco/Sarco_Character_BP.Sarco_Character_BP,Sarco
/Game/PrimalEarth/Dinos/Sauropod/Bone_Sauropod_Character_BP.Bone_Sauropod_Character_BP,Skeletal Bronto
/Game/PrimalEarth/Dinos/Carno/Bone_MegaCarno_Character_BP.Bone_MegaCarno_Character_B,Skeletal Carnotaurus
/Game/PrimalEarth/Dinos/Giganotosaurus/Bone_Gigant_Character_BP.Bone_Gigant_Character_BP,Skeletal Giganotosaurus
/Game/PrimalEarth/Dinos/Quetzalcoatlus/Bone_Quetz_Character_BP.Bone_Quetz_Character_BP,Skeletal Quetzal
/Game/PrimalEarth/Dinos/Raptor/Bone_MegaRaptor_Character_BP.Bone_MegaRaptor_Character_BP,Skeletal Raptor
/Game/PrimalEarth/Dinos/Rex/Bone_MegaRex_Character_BP.Bone_MegaRex_Character_BP,Skeletal Rex
/Game/PrimalEarth/Dinos/Stego/Bone_Stego_Character_BP,Skeletal Stego
/Game/PrimalEarth/Dinos/Trike/Bone_Trike_Character_BP,Skeletal Trike
/Game/PrimalEarth/Dinos/Spino/Spino_Character_BP.Spino_Character_BP,Spino
/Game/PrimalEarth/Dinos/Stego/Stego_Character_BP.Stego_Character_BP,Stegosaurus
/Game/PrimalEarth/Dinos/Tapejara/Tapejara_Character_BP.Tapejara_Character_BP,Tapejara
/Game/PrimalEarth/Dinos/Para/BionicPara_Character_BP.BionicPara_Character_BP,Tek Parasaur
/Game/PrimalEarth/Dinos/Quetzalcoatlus/BionicQuetz_Character_BP.BionicQuetz_Character_BP,Tek Quetzal
/Game/PrimalEarth/Dinos/Raptor/BionicRaptor_Character_BP.BionicRaptor_Character_BP,Tek Raptor
/Game/PrimalEarth/Dinos/Rex/BionicRex_Character_BP.BionicRex_Character_BP,Tek Rex
/Game/PrimalEarth/Dinos/Stego/BionicStego_Character_BP.BionicStego_Character_BP,Tek Stegosaurus
/Game/PrimalEarth/Dinos/TerrorBird/TerrorBird_Character_BP.TerrorBird_Character_BP,Terror Bird
/Game/PrimalEarth/Dinos/Therizinosaurus/Therizino_Character_BP.Therizino_Character_BP,Therizinosaur
/Game/PrimalEarth/Dinos/Thylacoleo/Thylacoleo_Character_BP.Thylacoleo_Character_BP,Thylacoleo
/Game/PrimalEarth/Dinos/BoaFrill/BoaFrill_Character_BP.BoaFrill_Character_BP,Titanoboa
/Game/PrimalEarth/Dinos/Ant/Ant_Character_BP.Ant_Character_BP,Titanomyrma
/Game/PrimalEarth/Dinos/Ant/FlyingAnt_Character_BP.FlyingAnt_Character_BP,Titanomyrma
/Game/PrimalEarth/Dinos/titanosaur/Titanosaur_Character_BP.Titanosaur_Character_BP,Titanosaur
/Game/PrimalEarth/Dinos/Trike/Trike_Character_BP.Trike_Character_BP,Triceratops
/Game/PrimalEarth/Dinos/Trilobite/Trilobite_Character.Trilobite_Character,Trilobite
/Game/PrimalEarth/Dinos/Troodon/Troodon_Character_BP.Troodon_Character_BP,Troodon
/Game/PrimalEarth/Dinos/Dodo/TurkeyBase_Character_BP.TurkeyBase_Character_BP,Turkey
/Game/PrimalEarth/Dinos/Dodo/Turkey_Character_BP.Turkey_Character_BP,Super Turkey
/Game/PrimalEarth/Dinos/Tusoteuthis/Tusoteuthis_Character_BP.Tusoteuthis_Character_BP,Tusoteuthis
/Game/PrimalEarth/Dinos/WoollyRhino/Rhino_Character_BP.Rhino_Character_BP,Woolly Rhino
/Game/PrimalEarth/Dinos/Bigfoot/Yeti_Character_BP.Yeti_Character_BP,Yeti
/Game/PrimalEarth/Dinos/Yutyrannus/Yutyrannus_Character_BP.Yutyrannus_Character_BP,Yutyrannus
/Game/PrimalEarth/Dinos/Dodo/ZombieDodo_Character_BP.ZombieDodo_Character_BP,Zomdodo
/Game/ScorchedEarth/Dinos/Wyvern/MegaWyvern_Character_BP_Fire.MegaWyvern_Character_BP_Fire,Alpha Fire Wyvern
/Game/ScorchedEarth/Dinos/Deathworm/MegaDeathworm_Character_BP.MegaDeathworm_Character_BP,Alpha Deathworm
/Game/ScorchedEarth/Dinos/DodoWyvern/DodoWyvern_Character_BP.DodoWyvern_Character_BP,Dodo Wyvern
/Game/ScorchedEarth/Dinos/Jerboa/Jerboa_Character_BP.Jerboa_Character_BP,Jerboa
/Game/ScorchedEarth/Dinos/Jerboa/Bone_Jerboa_Character_BP.Bone_Jerboa_Character_BP,Skeletal Jerboa
/Game/ScorchedEarth/Dinos/Jugbug/JugBug_Character_BaseBP.JugBug_Character_BaseBP,Jug Bug
/Game/ScorchedEarth/Dinos/Jugbug/Jugbug_Oil_Character_BP.Jugbug_Oil_Character_BP,Oil Jug Bug
/Game/ScorchedEarth/Dinos/Jugbug/Jugbug_Water_Character_BP.Jugbug_Water_Character_BP,Water Jug Bug
/Game/ScorchedEarth/Dinos/Moth/Moth_Character_BP.Moth_Character_BP,Lymantria
/Game/ScorchedEarth/Dinos/Mantis/Mantis_Character_BP.Mantis_Character_BP,Mantis
/Game/ScorchedEarth/Dinos/Mantis/Ghost_Mantis_Character_BP.Ghost_Mantis_Character_BP,Mantis Ghost
/Game/ScorchedEarth/Dinos/Camelsaurus/camelsaurus_Character_BP.camelsaurus_Character_BP,Morellatops
/Game/ScorchedEarth/Dinos/RockGolem/RockGolem_Character_BP.RockGolem_Character_BP,Rock Elemental
/Game/ScorchedEarth/Dinos/RockGolem/RubbleGolem_Character_BP.RubbleGolem_Character_BP,Rubble Golem
/Game/ScorchedEarth/Dinos/SpineyLizard/SpineyLizard_Character_BP.SpineyLizard_Character_BP,Thorny Dragon
/Game/ScorchedEarth/Dinos/Vulture/Vulture_Character_BP.Vulture_Character_BP,Vulture
/Game/ScorchedEarth/Dinos/Wyvern/Wyvern_Character_BP_Base.Wyvern_Character_BP_Base,Wyvern
/Game/ScorchedEarth/Dinos/Wyvern/Wyvern_Character_BP_Fire.Wyvern_Character_BP_Fire,Fire Wyvern
/Game/ScorchedEarth/Dinos/Wyvern/Wyvern_Character_BP_Lightning.Wyvern_Character_BP_Lightning,Lightning Wyvern
/Game/ScorchedEarth/Dinos/Wyvern/Wyvern_Character_BP_Poison.Wyvern_Character_BP_Poison,Poison Wyvern
/Game/ScorchedEarth/Dinos/Wyvern/Bone_MegaWyvern_Character_BP_Fire.Bone_MegaWyvern_Character_BP_Fire,Bone Fire Wyvern
/Game/ScorchedEarth/Dinos/DodoWyvern/DodoWyvern_Character_BP.DodoWyvern_Character_BP,Dodo Wyvern
/Game/ScorchedEarth/Dinos/Wyvern/Wyvern_Character_BP_ZombieFire.Wyvern_Character_BP_ZombieFire,Zombie Fire Wyvern
/Game/ScorchedEarth/Dinos/Wyvern/Wyvern_Character_BP_ZombieLightning.Wyvern_Character_BP_ZombieLightning,Zombie Lightning Wyvern
/Game/ScorchedEarth/Dinos/Wyvern/Wyvern_Character_BP_ZombiePoison.Wyvern_Character_BP_ZombiePoison,Zombie Poison Wyvern
/Game/PrimalEarth/Dinos/Griffin/Griffin_Character_BP.Griffin_Character_BP,Griffin
/Game/Mods/Ragnarok/Custom_Assets/Dinos/Wyvern/Ice_Wyvern/Ragnarok_Wyvern_Override_Ice.Ragnarok_Wyvern_Override_Ice,Ice Wyvern
/Game/PrimalEarth/Dinos/Achatina/Achatina_Character_BP_Aberrant.Achatina_Character_BP_Aberrant,Aberrant Achatina
/Game/PrimalEarth/Dinos/Anglerfish/Angler_Character_BP_Aberrant.Angler_Character_BP_Aberrant,Aberrant Anglerfish
/Game/PrimalEarth/Dinos/Ankylo/Ankylo_Character_BP_Aberrant.Ankylo_Character_BP_Aberrant,Aberrant Ankylosaurus
/Game/PrimalEarth/Dinos/Spider-Small/SpiderS_Character_BP_Aberrant.SpiderS_Character_BP_Aberrant,Aberrant Araneo
/Game/PrimalEarth/Dinos/Arthropluera/Arthro_Character_BP_Aberrant.Arthro_Character_BP_Aberrant,Aberrant Arthropluera
/Game/PrimalEarth/Dinos/Baryonyx/Baryonyx_Character_BP_Aberrant.Baryonyx_Character_BP_Aberrant,Aberrant Baryonyx
/Game/PrimalEarth/Dinos/Toad/Toad_Character_BP_Aberrant.Toad_Character_BP_Aberrant,Aberrant Beelzebufo
/Game/PrimalEarth/Dinos/Turtle/Turtle_Character_BP_Aberrant.Turtle_Character_BP_Aberrant,Aberrant Carbonemys
/Game/PrimalEarth/Dinos/Carno/Carno_Character_BP_Aberrant.Carno_Character_BP_Aberrant,Aberrant Carnotaurus
/Game/PrimalEarth/Dinos/Cnidaria/Cnidaria_Character_BP_Aberrant.Cnidaria_Character_BP_Aberrant,Aberrant Cnidaria
/Game/PrimalEarth/Dinos/Coelacanth/Coel_Character_BP_Aberrant.Coel_Character_BP_Aberrant,Aberrant Coelacanth
/Game/PrimalEarth/Dinos/Dimetrodon/Dimetro_Character_BP_Aberrant.Dimetro_Character_BP_Aberrant,Aberrant Dimetrodon
/Game/PrimalEarth/Dinos/Dimorphodon/Dimorph_Character_BP_Aberrant.Dimorph_Character_BP_Aberrant,Aberrant Dimorphodon
/Game/PrimalEarth/Dinos/Diplocaulus/Diplocaulus_Character_BP_Aberrant.Diplocaulus_Character_BP_Aberrant,Aberrant Diplocaulus
/Game/PrimalEarth/Dinos/Diplodocus/Diplodocus_Character_BP_Aberrant.Diplodocus_Character_BP_Aberrant,Aberrant Diplodocus
/Game/PrimalEarth/Dinos/Direbear/Direbear_Character_BP_Aberrant.Direbear_Character_BP_Aberrant,Aberrant Dire Bear
/Game/PrimalEarth/Dinos/Dodo/Dodo_Character_BP_Aberrant.Dodo_Character_BP_Aberrant,Aberrant Dodo
/Game/PrimalEarth/Dinos/Doedicurus/Doed_Character_BP_Aberrant.Doed_Character_BP_Aberrant,Aberrant Doedicurus
/Game/PrimalEarth/Dinos/DungBeetle/DungBeetle_Character_BP_Aberrant.DungBeetle_Character_BP_Aberrant,Aberrant Dung Beetle
/Game/PrimalEarth/Dinos/Eel/Eel_Character_BP_Aberrant.Eel_Character_BP_Aberrant,Aberrant Electrophorus
/Game/PrimalEarth/Dinos/Equus/Equus_Character_BP_Aberrant.Equus_Character_BP_Aberrant,Aberrant Equus
/Game/PrimalEarth/Dinos/Bigfoot/Bigfoot_Character_BP_Aberrant.Bigfoot_Character_BP_Aberrant,Aberrant Gigantopithecus
/Game/PrimalEarth/Dinos/Iguanodon/Iguanodon_Character_BP_Aberrant.Iguanodon_Character_BP_Aberrant,Aberrant Iguanodon
/Game/PrimalEarth/Dinos/Lystrosaurus/Lystro_Character_BP_Aberrant.Lystro_Character_BP_Aberrant,Aberrant Lystrosaurus
/Game/PrimalEarth/Dinos/Manta/Manta_Character_BP_Aberrant.Manta_Character_BP_Aberrant,Aberrant Manta
/Game/PrimalEarth/Dinos/Megalania/Megalania_Character_BP_Aberrant.Megalania_Character_BP_Aberrant,Aberrant Megalania
/Game/PrimalEarth/Dinos/Megalosaurus/Megalosaurus_Character_BP_Aberrant.Megalosaurus_Character_BP_Aberrant,Aberrant Megalosaurus
/Game/PrimalEarth/Dinos/Dragonfly/Dragonfly_Character_BP_Aberrant.Dragonfly_Character_BP_Aberrant,Aberrant Meganeura
/Game/PrimalEarth/Dinos/Moschops/Moschops_Character_BP_Aberrant.Moschops_Character_BP_Aberrant,Aberrant Moschops
/Game/PrimalEarth/Dinos/Otter/Otter_Character_BP_Aberrant.Otter_Character_BP_Aberrant,Aberrant Otter
/Game/PrimalEarth/Dinos/Sheep/Sheep_Character_BP_Aberrant.Sheep_Character_BP_Aberrant,Aberrant Ovis
/Game/PrimalEarth/Dinos/Paraceratherium/Paracer_Character_BP_Aberrant.Paracer_Character_BP_Aberrant,Aberrant Paraceratherium
/Game/PrimalEarth/Dinos/Para/Para_Character_BP_Aberrant.Para_Character_BP_Aberrant,Aberrant Parasaur
/Game/PrimalEarth/Dinos/Piranha/Piranha_Character_BP_Aberrant.Piranha_Character_BP_Aberrant,Aberrant Piranha
/Game/PrimalEarth/Dinos/Scorpion/Scorpion_Character_BP_Aberrant.Scorpion_Character_BP_Aberrant,Aberrant Pulmonoscorpius
/Game/PrimalEarth/Dinos/Purlovia/Purlovia_Character_BP_Aberrant.Purlovia_Character_BP_Aberrant,Aberrant Purlovia
/Game/PrimalEarth/Dinos/Raptor/Raptor_Character_BP_Aberrant.Raptor_Character_BP_Aberrant,Aberrant Raptor
/Game/PrimalEarth/Dinos/Salmon/Salmon_Character_Aberrant.Salmon_Character_Aberrant,Aberrant Sabertooth Salmon
/Game/PrimalEarth/Dinos/Sarco/Sarco_Character_BP_Aberrant.Sarco_Character_BP_Aberrant,Aberrant Sarco
/Game/PrimalEarth/Dinos/Spino/Spino_Character_BP_Aberrant.Spino_Character_BP_Aberrant,Aberrant Spino
/Game/PrimalEarth/Dinos/Stego/Stego_Character_BP_Aberrant.Stego_Character_BP_Aberrant,Aberrant Stegosaurus
/Game/PrimalEarth/Dinos/BoaFrill/BoaFrill_Character_BP_Aberrant.BoaFrill_Character_BP_Aberrant,Aberrant Titanoboa
/Game/PrimalEarth/Dinos/Trike/Trike_Character_BP_Aberrant.Trike_Character_BP_Aberrant,Aberrant Triceratops
/Game/PrimalEarth/Dinos/Trilobite/Trilobite_Character_Aberrant.Trilobite_Character_Aberrant,Aberrant Trilobite
/Game/Aberration/Dinos/Basilisk/MegaBasilisk_Character_BP.MegaBasilisk_Character_BP,Alpha Basilisk
/Game/Aberration/Dinos/Crab/MegaCrab_Character_BP.MegaCrab_Character_BP,Alpha Karkinos
/Game/Aberration/Dinos/Nameless/MegaXenomorph_Character_BP_Male_Surface.MegaXenomorph_Character_BP_Male_Surface,Alpha Surface Reaper King
/Game/Aberration/Dinos/Basilisk/Basilisk_Character_BP.Basilisk_Character_BP,Basilisk
/Game/Aberration/Dinos/Basilisk/Ghost_Basilisk_Character_BP.Ghost_Basilisk_Character_BP,Basilisk Ghost
/Game/Aberration/Dinos/LanternPug/LanternPug_Character_BP.LanternPug_Character_BP,Bulbdog
/Game/Aberration/Dinos/LanternPug/Ghost_LanternPug_Character_BP.Ghost_LanternPug_Character_BP,Bulbdog Ghost
/Game/Aberration/Dinos/LanternBird/LanternBird_Character_BP.LanternBird_Character_BP,Featherlight
/Game/Aberration/Dinos/Lightbug/Lightbug_Character_BaseBP.Lightbug_Character_BaseBP,Glowbug
/Game/Aberration/Dinos/LanternLizard/LanternLizard_Character_BP.LanternLizard_Character_BP,Glowtail
/Game/Aberration/Dinos/Crab/Crab_Character_BP.Crab_Character_BP,Karkinos
/Game/Aberration/Dinos/Lamprey/Lamprey_Character.Lamprey_Character,Lamprey
/Game/Aberration/Dinos/ChupaCabra/ChupaCabra_Character_BP.ChupaCabra_Character_BP,Nameless
/Game/Aberration/Dinos/CaveWolf/CaveWolf_Character_BP.CaveWolf_Character_BP,Ravager
/Game/Aberration/Dinos/Nameless/Xenomorph_Character_BP_Male.Xenomorph_Character_BP_Male,Reaper King
/Game/Aberration/Dinos/Nameless/Xenomorph_Character_BP_Male_Tamed.Xenomorph_Character_BP_Male_Tamed,Reaper King (Tamed)
/Game/Aberration/Dinos/Nameless/Xenomorph_Character_BP_Female.Xenomorph_Character_BP_Female,Reaper Queen
/Game/Aberration/Dinos/RockDrake/RockDrake_Character_BP.RockDrake_Character_BP,Rock Drake
/Game/Aberration/Dinos/MoleRat/MoleRat_Character_BP.MoleRat_Character_BP,Roll Rat
/Game/Aberration/Dinos/Pteroteuthis/Pteroteuthis_Char_BP.Pteroteuthis_Char_BP,Seeker
/Game/Aberration/Dinos/LanternGoat/LanternGoat_Character_BP.LanternGoat_Character_BP,Shinehorn
/Game/Aberration/Dinos/Nameless/Ghost_Xenomorph_Character_BP_Male_Surface.Ghost_Xenomorph_Character_BP_Male_Surface,Surface Reaper King Ghost
/Game/Extinction/Dinos/KingKaiju/KingKaiju_Character_BP_Alpha.KingKaiju_Character_BP_Alpha,Alpha King Titan
/Game/Extinction/Dinos/KingKaiju/KingKaiju_Character_BP_Beta.KingKaiju_Character_BP_Beta,Beta King Titan
/Game/Extinction/Dinos/Corrupt/Arthropluera/Arthro_Character_BP_Corrupt.Arthro_Character_BP_Corrupt,Corrupted Arthropluera
/Game/Extinction/Dinos/Corrupt/Carno/Carno_Character_BP_Corrupt.Carno_Character_BP_Corrupt,Corrupted Carnotaurus
/Game/Extinction/Dinos/Corrupt/Chalicotherium/Chalico_Character_BP_Corrupt.Chalico_Character_BP_Corrupt,Corrupted Chalicotherium
/Game/Extinction/Dinos/Corrupt/Dilo/Dilo_Character_BP_Corrupt.Dilo_Character_BP_Corrupt,Corrupted Dilophosaur
/Game/Extinction/Dinos/Corrupt/Dimorphodon/Dimorph_Character_BP_Corrupt.Dimorph_Character_BP_Corrupt,Corrupted Dimorphodon
/Game/Extinction/Dinos/Corrupt/Giganotosaurus/Gigant_Character_BP_Corrupt.Gigant_Character_BP_Corrupt,Corrupted Giganotosaurus
/Game/Extinction/Dinos/Corrupt/Paraceratherium/Paracer_Character_BP_Corrupt.Paracer_Character_BP_Corrupt,Corrupted Paraceratherium
/Game/Extinction/Dinos/Corrupt/Ptero/Ptero_Character_BP_Corrupt.Ptero_Character_BP_Corrupt,Corrupted Pteranodon
/Game/Extinction/Dinos/Corrupt/Raptor/Raptor_Character_BP_Corrupt.Raptor_Character_BP_Corrupt,Corrupted Raptor
/Game/Extinction/Dinos/Corrupt/Nameless/Xenomorph_Character_BP_Male_Tamed_Corrupt.Xenomorph_Character_BP_Male_Tamed_Corrupt,Corrupted Reaper King
/Game/Extinction/Dinos/Corrupt/Rex/Rex_Character_BP_Corrupt.Rex_Character_BP_Corrupt,Corrupted Rex
/Game/Extinction/Dinos/Corrupt/RockDrake/RockDrake_Character_BP_Corrupt.RockDrake_Character_BP_Corrupt,Corrupted Rock Drake
/Game/Extinction/Dinos/Corrupt/Spino/Spino_Character_BP_Corrupt.Spino_Character_BP_Corrupt,Corrupted Spino
/Game/Extinction/Dinos/Corrupt/Stego/Stego_Character_BP_Corrupt.Stego_Character_BP_Corrupt,Corrupted Stegosaurus
/Game/Extinction/Dinos/Corrupt/Trike/Trike_Character_BP_Corrupt.Trike_Character_BP_Corrupt,Corrupted Triceratops
/Game/Extinction/Dinos/Corrupt/Wyvern/Wyvern_Character_BP_Fire_Corrupt.Wyvern_Character_BP_Fire_Corrupt,Corrupted Wyvern
/Game/Extinction/Dinos/Tank/Defender_Character_BP.Defender_Character_BP,Defense Unit
/Game/Extinction/Dinos/DesertKaiju/DesertKaiju_Character_BP.DesertKaiju_Character_BP,Desert Titan
/Game/Extinction/Dinos/DesertKaiju/DesertKaiju_FirstFlockChar_BP.DesertKaiju_FirstFlockChar_BP,Desert Titan Flock
/Game/Extinction/Dinos/Enforcer/Enforcer_Character_BP.Enforcer_Character_BP,Enforcer
/Game/Extinction/Dinos/Corrupt/Rex/MegaRex_Character_BP_Corrupt.MegaRex_Character_BP_Corrupt,Enraged Corrupted Rex
/Game/Extinction/Dinos/Corrupt/Trike/MegaTrike_Character_BP_Corrupt.MegaTrike_Character_BP_Corrupt,Enraged Triceratops
/Game/Extinction/Dinos/ForestKaiju/ForestKaiju_Character_BP.ForestKaiju_Character_BP,Forest Titan
/Game/Extinction/Dinos/ForestKaiju/Minion/Wyvern_Character_BP_Fire_Minion.Wyvern_Character_BP_Fire_Minion,Forest Wyvern
/Game/Extinction/Dinos/Gacha/Gacha_Character_BP.Gacha_Character_BP,Gacha
/Game/Extinction/Dinos/Gacha/Gacha_Claus_Character_BP.Gacha_Claus_Character_BP,GachaClaus
/Game/Extinction/Dinos/KingKaiju/KingKaiju_Character_BP.KingKaiju_Character_BP,Gamma King Titan
/Game/Extinction/Dinos/GasBag/GasBags_Character_BP.GasBags_Character_BP,Gasbags
/Game/Extinction/Dinos/IceKaiju/IceKaiju_Character_BP.IceKaiju_Character_BP,Ice Titan
/Game/Extinction/Dinos/IceJumper/IceJumper_Character_BP.IceJumper_Character_BP,Managarmr
/Game/Extinction/Dinos/Mek/MegaMek_Character_BP.MegaMek_Character_BP,Mega Mek
/Game/Extinction/Dinos/Mek/Mek_Character_BP.Mek_Character_BP,Mek
/Game/Extinction/Dinos/Scout/Scout_Character_BP.Scout_Character_BP,Scout
/Game/Extinction/Dinos/Owl/Owl_Character_BP.Owl_Character_BP,Snow Owl
/Game/Extinction/Dinos/Owl/Ghost_Owl_Character_BP.Ghost_Owl_Character_BP,Snow Owl Ghost
/Game/Extinction/Dinos/Spindles/Spindles_Character_BP.Spindles_Character_BP,Velonasaur
/Game/Mods/Valguero/Assets/Dinos/RockGolem/ChalkGolem/ChalkGolem_Character_BP.ChalkGolem_Character_BP,Chalk Golem
/Game/PrimalEarth/Dinos/Raptor/Uberraptor/Deinonychus_Character_BP.Deinonychus_Character_BP,Deinonychus
/Game/PrimalEarth/Dinos/IceGolem/IceGolem_Character_BP.IceGolem_Character_BP,Ice Golem
/Game/Genesis/Dinos/MissionVariants/Retrieve/Volcanic/Volcano_Trike_Character_BP_Retrieve_Alpha.Volcano_Trike_Character_BP_Retrieve_Alpha,Alpha X-Triceratops
/Game/Genesis/Dinos/SpaceWhale/SpaceWhale_Character_BP.SpaceWhale_Character_BP,Astrocetus
/Game/Genesis/Dinos/BogSpider/BogSpider_Character_BP.BogSpider_Character_BP,Bloodstalker
/Game/Genesis/Dinos/MissionVariants/Hunt/Bog/SpiderS_Character_BP_Hunt.SpiderS_Character_BP_Hunt,Brute Araneo
/Game/Genesis/Dinos/MissionVariants/Hunt/Lunar/SpaceWhale_Character_BP_Brute.SpaceWhale_Character_BP_Brute,Brute Astrocetus
/Game/Genesis/Dinos/MissionVariants/Hunt/Ocean/Basilosaurus_Character_BP_Hunt.Basilosaurus_Character_BP_Hunt,Brute Basilosaurus
/Game/Genesis/Dinos/MissionVariants/Hunt/Bog/BogSpider_Character_BP_Hunt.BogSpider_Character_BP_Hunt,Brute Bloodstalker
/Game/Genesis/Dinos/MissionVariants/Hunt/Arctic/Shapeshifter_Large_Character_BP_Hunt.Shapeshifter_Large_Character_BP_Hunt,Brute Ferox
/Game/Genesis/Dinos/MissionVariants/Gauntlet/Volcanic/Wyvern_Character_BP_Fire_GauntletBoss.Wyvern_Character_BP_Fire_GauntletBoss,Brute Fire Wyvern
/Game/Genesis/Dinos/MissionVariants/Hunt/Ocean/Leedsichthys_Character_BP_Hunt.Leedsichthys_Character_BP_Hunt,Brute Leedsichthys
/Game/Genesis/Dinos/MissionVariants/Hunt/Volcanic/Cherufe_Character_BP_Hunt.Cherufe_Character_BP_Hunt,Brute Magmasaur
/Game/Genesis/Dinos/MissionVariants/Hunt/Lunar/BionicGigant_Character_BP_Malfunctioned_Hunt.BionicGigant_Character_BP_Malfunctioned_Hunt,Brute Malfunctioned Tek Giganotosaurus
/Game/Genesis/Dinos/MissionVariants/Hunt/Lunar/BionicRex_Character_BP_Malfunctioned_Hunt.BionicRex_Character_BP_Malfunctioned_Hunt,Brute Malfunctioned Tek Rex
/Game/Genesis/Dinos/MissionVariants/Hunt/Arctic/Mammoth_Character_BP_Hunt.Mammoth_Character_BP_Hunt,Brute Mammoth
/Game/Genesis/Dinos/MissionVariants/Hunt/Arctic/Stag_Character_BP_Hunt.Stag_Character_BP_Hunt,Brute Megaloceros
/Game/Genesis/Dinos/MissionVariants/Hunt/Ocean/Plesiosaur_Character_BP_Hunt.Plesiosaur_Character_BP_Hunt,Brute Plesiosaur
/Game/Genesis/Dinos/MissionVariants/Hunt/Lunar/Xenomorph_Character_BP_Male_InitialBuryOnly_Hunt.Xenomorph_Character_BP_Male_InitialBuryOnly_Hunt,Brute Reaper King
/Game/Genesis/Dinos/MissionVariants/Hunt/Bog/Sarco_Character_BP_Hunt.Sarco_Character_BP_Hunt,Brute Sarco
/Game/Genesis/Dinos/MissionVariants/Hunt/Lunar/Pteroteuthis_Char_BP_HuntFollower.Pteroteuthis_Char_BP_HuntFollower,Brute Seeker
/Game/Genesis/Dinos/MissionVariants/Hunt/Ocean/Tusoteuthis_Character_BP_Hunt.Tusoteuthis_Character_BP_Hunt,Brute Tusoteuthis
/Game/Genesis/Dinos/MissionVariants/Hunt/Volcanic/Volcano_Allo_Character_BP_Hunt.Volcano_Allo_Character_BP_Hunt,Brute X-Allosaurus
/Game/Genesis/Dinos/MissionVariants/Hunt/Ocean/Ocean_Megalodon_Character_BP_Hunt.Ocean_Megalodon_Character_BP_Hunt,Brute X-Megalodon
/Game/Genesis/Dinos/MissionVariants/Hunt/Ocean/Ocean_Mosa_Character_BP_Hunt.Ocean_Mosa_Character_BP_Hunt,Brute X-Mosasaurus
/Game/Genesis/Dinos/MissionVariants/Hunt/Bog/Bog_Raptor_Character_BP_Hunt.Bog_Raptor_Character_BP_Hunt,Brute X-Raptor
/Game/Genesis/Dinos/MissionVariants/Hunt/Volcanic/Volcano_Rex_Character_BP_Hunt.Volcano_Rex_Character_BP_Hunt,Brute X-Rex
/Game/Genesis/Dinos/MissionVariants/Hunt/Volcanic/Volcano_Golem_Character_BP_Hunt.Volcano_Golem_Character_BP_Hunt,Brute X-Rock Elemental
/Game/Genesis/Dinos/MissionVariants/Hunt/Bog/Bog_Spino_Character_BP_Hunt.Bog_Spino_Character_BP_Hunt,Brute X-Spino
/Game/Genesis/Dinos/MissionVariants/Hunt/Arctic/Snow_Yutyrannus_Character_BP_Hunt.Snow_Yutyrannus_Character_BP_Hunt,Brute X-Yutyrannus
/Game/Genesis/Dinos/Bots/Bot_Character_BP.Bot_Character_BP,Corrupted Avatar
/Game/Genesis/Dinos/EelBoss/EelMinion_Character_BP_Easy.EelMinion_Character_BP_Easy,Eel Minion
/Game/Genesis/Dinos/MissionVariants/Retrieve/Ocean/Ocean_Megalodon_Character_BP_Retrieve_Brute.Ocean_Megalodon_Character_BP_Retrieve_Brute,Golden Striped Brute Megalodon
/Game/Genesis/Dinos/MissionVariants/Retrieve/Ocean/Ocean_Megalodon_Character_BP_Retrieve.Ocean_Megalodon_Character_BP_Retrieve,Golden Striped Megalodon
/Game/Genesis/Dinos/Shapeshifter/Shapeshifter_Large/Shapeshifter_Large_Character_BP.Shapeshifter_Large_Character_BP,Ferox (Large)
/Game/Genesis/Dinos/Shapeshifter/Shapeshifter_Small/Shapeshifter_Small_Character_BP.Shapeshifter_Small_Character_BP,Ferox
/Game/Genesis/Dinos/MissionVariants/Retrieve/Lunar/Xenomorph_Character_BP_Male_InitialBuryOnly_Brute_Retrieve.Xenomorph_Character_BP_Male_InitialBuryOnly_Brute_Retrieve,Injured Brute Reaper King
/Game/Genesis/Dinos/Swarms/InsectSwarmChar_BP.InsectSwarmChar_BP,Insect Swarm
/Game/Genesis/Dinos/Cherufe/Cherufe_Character_BP.Cherufe_Character_BP,Magmasaur
/Game/Genesis/Dinos/MissionVariants/Gauntlet/Lunar/BionicGigant_Character_BP_Malfunctioned_Gauntlet.BionicGigant_Character_BP_Malfunctioned_Gauntlet,Malfunctioned Tek Giganotosaurus
/Game/PrimalEarth/Dinos/Giganotosaurus/BionicGigant_Character_BP_Malfunctioned.BionicGigant_Character_BP_Malfunctioned,Malfunctioned Tek Giganotosaurus
/Game/PrimalEarth/Dinos/Para/BionicPara_Character_BP_Malfunctioned.BionicPara_Character_BP_Malfunctioned,Malfunctioned Tek Parasaur
/Game/PrimalEarth/Dinos/Quetzalcoatlus/BionicQuetz_Character_BP_Malfunctioned.BionicQuetz_Character_BP_Malfunctioned,Malfunctioned Tek Quetzal
/Game/PrimalEarth/Dinos/Raptor/BionicRaptor_Character_BP_Malfunctioned.BionicRaptor_Character_BP_Malfunctioned,Malfunctioned Tek Raptor
/Game/PrimalEarth/Dinos/Rex/BionicRex_Character_BP_Malfunctioned.BionicRex_Character_BP_Malfunctioned,Malfunctioned Tek Rex
/Game/PrimalEarth/Dinos/Stego/BionicStego_Character_BP_Malfunctioned.BionicStego_Character_BP_Malfunctioned,Malfunctioned Tek Stegosaurus
/Game/PrimalEarth/Dinos/Trike/BionicTrike_Character_BP_Malfunctioned.BionicTrike_Character_BP_Malfunctioned,Malfunctioned Tek Triceratops
/Game/Genesis/Dinos/GiantTurtle/GiantTurtle_Character_BP.GiantTurtle_Character_BP,Megachelon
/Game/Genesis/Dinos/Swarms/MicrobeSwarmChar_BP.MicrobeSwarmChar_BP,Parakeet Fish School
/Game/Aberration/Dinos/Nameless/Xenomorph_Character_BP_Male_InitialBuryOnly_Adolescent.Xenomorph_Character_BP_Male_InitialBuryOnly_Adolescent,Reaper Prince
/Game/PrimalEarth/Dinos/Trike/BionicTrike_Character_BP.BionicTrike_Character_BP,Tek Triceratops
/Game/Genesis/Dinos/BiomeVariants/Volcano_Allosaurus/Volcano_Allo_Character_BP.Volcano_Allo_Character_BP,X-Allosaurus
/Game/Genesis/Dinos/BiomeVariants/Volcano_Ankylosaurus/Volcano_Ankylo_Character_BP.Volcano_Ankylo_Character_BP,X-Ankylosaurus
/Game/Genesis/Dinos/BiomeVariants/Snow_Argentavis/Snow_Argent_Character_BP.Snow_Argent_Character_BP,X-Argentavis
/Game/Genesis/Dinos/BiomeVariants/Ocean_Basilosaurus/Ocean_Basilosaurus_Character_BP.Ocean_Basilosaurus_Character_BP,X-Basilosaurus
/Game/Genesis/Dinos/BiomeVariants/Ocean_Dunkleosteus/Ocean_Dunkle_Character_BP.Ocean_Dunkle_Character_BP,X-Dunkleosteus
/Game/Genesis/Dinos/BiomeVariants/Ocean_Dolphin/Ocean_Dolphin_Character_BP.Ocean_Dolphin_Character_BP,X-Ichthyosaurus
/Game/Genesis/Dinos/BiomeVariants/Ocean_Megalodon/Ocean_Megalodon_Character_BP.Ocean_Megalodon_Character_BP,X-Megalodon
/Game/Genesis/Dinos/BiomeVariants/Ocean_Mosasaurus/Ocean_Mosa_Character_BP.Ocean_Mosa_Character_BP,X-Mosasaurus
/Game/Genesis/Dinos/BiomeVariants/Snow_Otter/Snow_Otter_Character_BP.Snow_Otter_Character_BP,X-Otter
/Game/Genesis/Dinos/BiomeVariants/BogParaceratherium/Bog_Paracer_Character_BP.Bog_Paracer_Character_BP,X-Paraceratherium
/Game/Genesis/Dinos/BiomeVariants/BogPara/Bog_Para_Character_BP.Bog_Para_Character_BP,X-Parasaur
/Game/Genesis/Dinos/BiomeVariants/Bog_Raptor/Bog_Raptor_Character_BP.Bog_Raptor_Character_BP,X-Raptor
/Game/Genesis/Dinos/BiomeVariants/Volcano_Rex/Volcano_Rex_Character_BP.Volcano_Rex_Character_BP,X-Rex
/Game/Genesis/Dinos/BiomeVariants/Lava_Golem/Volcano_Golem_Character_BP.Volcano_Golem_Character_BP,X-Rock Elemental
/Game/Genesis/Dinos/BiomeVariants/Snow_Saber/Snow_Saber_Character_BP.Snow_Saber_Character_BP,X-Sabertooth
/Game/Genesis/Dinos/BiomeVariants/Lunar_Salmon/Lunar_Salmon_Character_BP.Lunar_Salmon_Character_BP,X-Sabertooth Salmon
/Game/Genesis/Dinos/BiomeVariants/Bog_Spino/Bog_Spino_Character_BP.Bog_Spino_Character_BP,X-Spino
/Game/Genesis/Dinos/BiomeVariants/Bog_Tapejara/Bog_Tapejara_Character_BP.Bog_Tapejara_Character_BP,X-Tapejara
/Game/Genesis/Dinos/BiomeVariants/Volcano_Trike/Volcano_Trike_Character_BP.Volcano_Trike_Character_BP,X-Triceratops
/Game/Genesis/Dinos/BiomeVariants/Snow_WoollyRhino/Snow_Rhino_Character_BP.Snow_Rhino_Character_BP,X-Woolly Rhino
/Game/Genesis/Dinos/BiomeVariants/Snow_Yutyrannus/Snow_Yutyrannus_Character_BP.Snow_Yutyrannus_Character_BP,X-Yutyrannus
/Game/PrimalEarth/Dinos/CrystalWyvern/CrystalWyvern_Character_BP_Mega.CrystalWyvern_Character_BP_Mega,Alpha Blood Crystal Wyvern
/Game/PrimalEarth/Dinos/CrystalWyvern/CrystalWyvern_Character_BP_Blood.CrystalWyvern_Character_BP_Blood,Blood Crystal Wyvern
/Game/PrimalEarth/Dinos/CrystalWyvern/CrystalWyvern_Character_BP.CrystalWyvern_Character_BP,Crystal Wyvern
/Game/PrimalEarth/Dinos/CrystalWyvern/CrystalWyvern_Character_BP_Ember.CrystalWyvern_Character_BP_Ember,Ember Crystal Wyvern
/Game/Mods/CrystalIsles/Assets/Dinos/HoneyBee/HoneyBee_Character_BP.HoneyBee_Character_BP,Giant Worker Bee
/Game/PrimalEarth/Dinos/Tropeognathus/Tropeognathus_Character_BP.Tropeognathus_Character_BP,Tropeognathus
/Game/PrimalEarth/Dinos/CrystalWyvern/CrystalWyvern_Character_BP_WS.CrystalWyvern_Character_BP_WS,Tropical Crystal Wyvern
