/Game/Mods/AE/Items/Armor/Eternal/PrimalItemArmor_EternalBoots.PrimalItemArmor_EternalBoots,Eternal Boots
/Game/Mods/AE/Items/Armor/Eternal/PrimalItemArmor_EternalGloves.PrimalItemArmor_EternalGloves,Eternal Gloves
/Game/Mods/AE/Items/Armor/Eternal/PrimalItemArmor_EternalHelmet.PrimalItemArmor_EternalHelmet,Eternal Helmet
/Game/Mods/AE/Items/Armor/Eternal/PrimalItemArmor_EternalPants.PrimalItemArmor_EternalPants,Eternal Pants
/Game/Mods/AE/Items/Armor/Eternal/PrimalItemArmor_EternalShirt.PrimalItemArmor_EternalShirt,Eternal Shirt
/Game/Mods/AE/Items/Armor/Ghillie/PrimalItemArmor_EternalGhillieBoots.PrimalItemArmor_EternalGhillieBoots,Eternal Ghillie Boots
/Game/Mods/AE/Items/Armor/Ghillie/PrimalItemArmor_EternalGhillieGloves.PrimalItemArmor_EternalGhillieGloves,Eternal Ghillie Gloves
/Game/Mods/AE/Items/Armor/Ghillie/PrimalItemArmor_EternalGhillieHelmet.PrimalItemArmor_EternalGhillieHelmet,Eternal Ghillie Helmet
/Game/Mods/AE/Items/Armor/Ghillie/PrimalItemArmor_EternalGhilliePants.PrimalItemArmor_EternalGhilliePants,Eternal Ghillie Pants
/Game/Mods/AE/Items/Armor/Ghillie/PrimalItemArmor_EternalGhillieShirt.PrimalItemArmor_EternalGhillieShirt,Eternal Ghillie Shirt
/Game/Mods/AE/Items/Armor/AETek/PrimalItemArmor_EternalTekBoots.PrimalItemArmor_EternalTekBoots,Eternal Tek Boots
/Game/Mods/AE/Items/Armor/AETek/PrimalItemArmor_EternalTekGloves.PrimalItemArmor_EternalTekGloves,Eternal Tek Gloves
/Game/Mods/AE/Items/Armor/AETek/PrimalItemArmor_EternalTekHelmet.PrimalItemArmor_EternalTekHelmet,Eternal Tek Helmet
/Game/Mods/AE/Items/Armor/AETek/PrimalItemArmor_EternalTekPants.PrimalItemArmor_EternalTekPants,Eternal Tek Pants
/Game/Mods/AE/Items/Armor/AETek/PrimalItemArmor_EternalTekShirt.PrimalItemArmor_EternalTekShirt,Eternal Tek Shirt
/Game/Mods/AE/Core/Evolutions/Evolution/Age/PrimalItemConsumable_Evolve_Age.PrimalItemConsumable_Evolve_Age,Evolve Age
/Game/Mods/AE/Core/Evolutions/Evolution/Age/PrimalItemConsumable_Evolve_Age_Child.PrimalItemConsumable_Evolve_Age_Child,Evolve Age Child
/Game/Mods/AE/Core/Evolutions/Evolution/Treat/PrimalItem_Evolution_Allo.PrimalItem_Evolution_Allo,Evolution Allo
/Game/Mods/AE/Core/Evolutions/Evolution/Treat/PrimalItem_Evolution_Carno.PrimalItem_Evolution_Carno,Evolution Carno
/Game/Mods/AE/Core/Evolutions/Evolution/Treat/PrimalItem_Evolution_Compy.PrimalItem_Evolution_Compy,Evolution Compy
/Game/Mods/AE/Core/Evolutions/Evolution/Treat/PrimalItem_Evolution_DodoRex.PrimalItem_Evolution_DodoRex,Evolution Dodo Rex
/Game/Mods/AE/Core/Evolutions/Evolution/Treat/PrimalItem_Evolution_Gigant.PrimalItem_Evolution_Gigant,Evolution Gigant
/Game/Mods/AE/Core/Evolutions/Evolution/Treat/PrimalItem_Evolution_Raptor.PrimalItem_Evolution_Raptor,Evolution Raptor
/Game/Mods/AE/Core/Evolutions/Evolution/Treat/PrimalItem_Evolution_Rex.PrimalItem_Evolution_Rex,Evolution Rex
/Game/Mods/AE/Core/Evolutions/Evolve/Recipe/PrimalItem_Evolve_FrostWyvern.PrimalItem_Evolve_FrostWyvern,Evolve Frost Wyvern
/Game/Mods/AE/Core/Evolutions/Evolve/Recipe/PrimalItem_Evolve_IceWyvern.PrimalItem_Evolve_IceWyvern,Evolve Ice Wyvern
/Game/Mods/AE/Core/Evolutions/Evolve/Recipe/PrimalItem_Evolve_PoisonZombieWyvern.PrimalItem_Evolve_PoisonZombieWyvern,Evolve Poison Zombie Wyvern
/Game/Mods/AE/Core/Evolutions/Evolve/Recipe/PrimalItem_Evolve_PowerZombieWyvern.PrimalItem_Evolve_PowerZombieWyvern,Evolve Power Zombie Wyvern
/Game/Mods/AE/Core/Evolutions/Evolve/Recipe/PrimalItem_Evolve_SpeedZombieWyvern.PrimalItem_Evolve_SpeedZombieWyvern,Evolve Speed Zombie Wyvern
/Game/Mods/AE/Core/Evolutions/Evolve/Recipe/PrimalItem_Evolve_ZombieWyvern.PrimalItem_Evolve_ZombieWyvern,Evolve Zombie Wyvern
/Game/Mods/AE/Core/Evolutions/Evolve/Recipe/Elemental/PrimalItem_Evolve_Elite_Oviraptor.PrimalItem_Evolve_Elite_Oviraptor,Evolve Elite Oviraptor
/Game/Mods/AE/Core/Evolutions/Evolve/Recipe/RaphusDodo/PrimalItem_Evolve_RaphusDodo.PrimalItem_Evolve_RaphusDodo,Evolve Raphus Dodo
/Game/Mods/AE/Core/Evolutions/Evolve/Recipe/TheUnknown/PrimalItem_Evolve_TheUnknown_Gorilla_Poison.PrimalItem_Evolve_TheUnknown_Gorilla_Poison,Evolve The Unknown Gorilla Poison
/Game/Mods/AE/Core/Evolutions/Evolve/Recipe/TheUnknown/PrimalItem_Evolve_TheUnknown_Gorilla_Power.PrimalItem_Evolve_TheUnknown_Gorilla_Power,Evolve The Unknown Gorilla Power
/Game/Mods/AE/Core/Evolutions/Evolve/Recipe/TheUnknown/PrimalItem_Evolve_TheUnknown_Gorilla_Speed.PrimalItem_Evolve_TheUnknown_Gorilla_Speed,Evolve The Unknown Gorilla Speed
/Game/Mods/AE/Core/Evolutions/Evolve/Recipe/TheUnknown/PrimalItem_Evolve_TheUnknown_Wyvern_Poison.PrimalItem_Evolve_TheUnknown_Wyvern_Poison,Evolve The Unknown Wyvern Poison
/Game/Mods/AE/Core/Evolutions/Evolve/Recipe/TheUnknown/PrimalItem_Evolve_TheUnknown_Wyvern_Power.PrimalItem_Evolve_TheUnknown_Wyvern_Power,Evolve The Unknown Wyvern Power
/Game/Mods/AE/Core/Evolutions/Evolve/Recipe/TheUnknown/PrimalItem_Evolve_TheUnknown_Wyvern_Speed.PrimalItem_Evolve_TheUnknown_Wyvern_Speed,Evolve The Unknown Wyvern Speed
/Game/Mods/AE/Dinos/Alpha/Moth/PrimalItemConsumable_MulticraftItem_AlphaMoth.PrimalItemConsumable_MulticraftItem_AlphaMoth,Multicraft Item Alpha Moth
/Game/Mods/AE/Dinos/Darkstar/PrimalItem_Note_DarkstarAttacks.PrimalItem_Note_DarkstarAttacks,Note Darkstar Attacks
/Game/Mods/AE/Dinos/Elemental/Dragon/PrimalItemArmor_AEDragonArmor.PrimalItemArmor_AEDragonArmor,A E Dragon Armor
/Game/Mods/AE/Dinos/Eternal/Harvest/Ankylo/PrimalItemResource_GasolineEternalAnky.PrimalItemResource_GasolineEternalAnky,Gasoline Eternal Anky
/Game/Mods/AE/Dinos/Eternal/Harvest/Ankylo/PrimalItemResource_GasolineEternalAnkyNOAC.PrimalItemResource_GasolineEternalAnkyNOAC,Gasoline Eternal Anky N O A C
/Game/Mods/AE/Dinos/Eternal/Harvest/Ankylo/PrimalItemResource_MetalIngotAE.PrimalItemResource_MetalIngotAE,Metal Ingot A E
/Game/Mods/AE/Dinos/Eternal/Harvest/Ankylo/PrimalItemResource_MetalIngotEternalAnky.PrimalItemResource_MetalIngotEternalAnky,Metal Ingot Eternal Anky
/Game/Mods/AE/Dinos/Eternal/Harvest/Ankylo/PrimalItemResource_MetalIngotEternalAnkyNOAC.PrimalItemResource_MetalIngotEternalAnkyNOAC,Metal Ingot Eternal Anky N O A C
/Game/Mods/AE/Dinos/Eternal/Harvest/Doed/Craftables/PrimalItemResource_BugRepellantEternalDoed.PrimalItemResource_BugRepellantEternalDoed,Bug Repellant Eternal Doed
/Game/Mods/AE/Dinos/Eternal/Harvest/Doed/Craftables/PrimalItemResource_BugRepellantEternalDoedNOAC.PrimalItemResource_BugRepellantEternalDoedNOAC,Bug Repellant Eternal Doed N O A C
/Game/Mods/AE/Dinos/Eternal/Harvest/Doed/Craftables/PrimalItemResource_CementingPasteEternalDoed.PrimalItemResource_CementingPasteEternalDoed,Cementing Paste Eternal Doed
/Game/Mods/AE/Dinos/Eternal/Harvest/Doed/Craftables/PrimalItemResource_CementingPasteEternalDoedNOAC.PrimalItemResource_CementingPasteEternalDoedNOAC,Cementing Paste Eternal Doed N O A C
/Game/Mods/AE/Dinos/Eternal/Harvest/Doed/Craftables/PrimalItemResource_ClayEternalDoed.PrimalItemResource_ClayEternalDoed,Clay Eternal Doed
/Game/Mods/AE/Dinos/Eternal/Harvest/Doed/Craftables/PrimalItemResource_ClayEternalDoedNOAC.PrimalItemResource_ClayEternalDoedNOAC,Clay Eternal Doed N O A C
/Game/Mods/AE/Dinos/Eternal/Harvest/Doed/Craftables/PrimalItemResource_GunPowderEternalDoed.PrimalItemResource_GunPowderEternalDoed,Gun Powder Eternal Doed
/Game/Mods/AE/Dinos/Eternal/Harvest/Doed/Craftables/PrimalItemResource_GunPowderEternalDoedNOAC.PrimalItemResource_GunPowderEternalDoedNOAC,Gun Powder Eternal Doed N O A C
/Game/Mods/AE/Dinos/Eternal/Harvest/Doed/Craftables/PrimalItemResource_LesserAntidoteEternalDoed.PrimalItemResource_LesserAntidoteEternalDoed,Lesser Antidote Eternal Doed
/Game/Mods/AE/Dinos/Eternal/Harvest/Doed/Craftables/PrimalItemResource_LesserAntidoteEternalDoedNOAC.PrimalItemResource_LesserAntidoteEternalDoedNOAC,Lesser Antidote Eternal Doed N O A C
/Game/Mods/AE/Dinos/Eternal/Harvest/Doed/Craftables/PrimalItemResource_NarcoticEternalDoed.PrimalItemResource_NarcoticEternalDoed,Narcotic Eternal Doed
/Game/Mods/AE/Dinos/Eternal/Harvest/Doed/Craftables/PrimalItemResource_NarcoticEternalDoedNOAC.PrimalItemResource_NarcoticEternalDoedNOAC,Narcotic Eternal Doed N O A C
/Game/Mods/AE/Dinos/Eternal/Harvest/Doed/Craftables/PrimalItemResource_PreservingSaltEternalDoed.PrimalItemResource_PreservingSaltEternalDoed,Preserving Salt Eternal Doed
/Game/Mods/AE/Dinos/Eternal/Harvest/Doed/Craftables/PrimalItemResource_PreservingSaltEternalDoedNOAC.PrimalItemResource_PreservingSaltEternalDoedNOAC,Preserving Salt Eternal Doed N O A C
/Game/Mods/AE/Dinos/Eternal/Harvest/Doed/Craftables/PrimalItemResource_PropellantEternalDoed.PrimalItemResource_PropellantEternalDoed,Propellant Eternal Doed
/Game/Mods/AE/Dinos/Eternal/Harvest/Doed/Craftables/PrimalItemResource_PropellantEternalDoedNOAC.PrimalItemResource_PropellantEternalDoedNOAC,Propellant Eternal Doed N O A C
/Game/Mods/AE/Dinos/Eternal/Harvest/Doed/Craftables/PrimalItemResource_SparkPowderEternalDoed.PrimalItemResource_SparkPowderEternalDoed,Spark Powder Eternal Doed
/Game/Mods/AE/Dinos/Eternal/Harvest/Doed/Craftables/PrimalItemResource_SparkPowderEternalDoedNOAC.PrimalItemResource_SparkPowderEternalDoedNOAC,Spark Powder Eternal Doed N O A C
/Game/Mods/AE/Dinos/Eternal/Harvest/Doed/Craftables/PrimalItemResource_StimulantEternalDoed.PrimalItemResource_StimulantEternalDoed,Stimulant Eternal Doed
/Game/Mods/AE/Dinos/Eternal/Harvest/Doed/Craftables/PrimalItemResource_StimulantEternalDoedNOAC.PrimalItemResource_StimulantEternalDoedNOAC,Stimulant Eternal Doed N O A C
/Game/Mods/AE/Dinos/Harbinger/_Beetles/Item/PrimalItemConsumable_MulticraftItem_Beetle_Blue.PrimalItemConsumable_MulticraftItem_Beetle_Blue,Multicraft Item Beetle Blue
/Game/Mods/AE/Dinos/Harbinger/_Beetles/Item/PrimalItemConsumable_MulticraftItem_Beetle_Green.PrimalItemConsumable_MulticraftItem_Beetle_Green,Multicraft Item Beetle Green
/Game/Mods/AE/Dinos/Harbinger/_Beetles/Item/PrimalItemConsumable_MulticraftItem_Beetle_Orange.PrimalItemConsumable_MulticraftItem_Beetle_Orange,Multicraft Item Beetle Orange
/Game/Mods/AE/Dinos/Harbinger/_Beetles/Item/PrimalItemConsumable_MulticraftItem_Beetle_Purple.PrimalItemConsumable_MulticraftItem_Beetle_Purple,Multicraft Item Beetle Purple
/Game/Mods/AE/Dinos/Harbinger/_Beetles/Item/PrimalItemConsumable_MulticraftItem_Beetle_Yellow.PrimalItemConsumable_MulticraftItem_Beetle_Yellow,Multicraft Item Beetle Yellow
/Game/Mods/AE/Dinos/Special/BionicGiga/CraftingItems/PrimalItemArtifact_01AE.PrimalItemArtifact_01AE,Artifact of the Hunter
/Game/Mods/AE/Dinos/Special/BionicGiga/CraftingItems/PrimalItemArtifact_02AE.PrimalItemArtifact_02AE,Artifact of the Pack
/Game/Mods/AE/Dinos/Special/BionicGiga/CraftingItems/PrimalItemArtifact_03AE.PrimalItemArtifact_03AE,Artifact of the Massive
/Game/Mods/AE/Dinos/Special/BionicGiga/CraftingItems/PrimalItemArtifact_04AE.PrimalItemArtifact_04AE,Artifact of the Devious
/Game/Mods/AE/Dinos/Special/BionicGiga/CraftingItems/PrimalItemArtifact_05AE.PrimalItemArtifact_05AE,Artifact of the Clever
/Game/Mods/AE/Dinos/Special/BionicGiga/CraftingItems/PrimalItemArtifact_06AE.PrimalItemArtifact_06AE,Artifact of the Skylord
/Game/Mods/AE/Dinos/Special/BionicGiga/CraftingItems/PrimalItemArtifact_07AE.PrimalItemArtifact_07AE,Artifact of the Devourer
/Game/Mods/AE/Dinos/Special/BionicGiga/CraftingItems/PrimalItemArtifact_08AE.PrimalItemArtifact_08AE,Artifact of the Immune
/Game/Mods/AE/Dinos/Special/BionicGiga/CraftingItems/PrimalItemArtifact_09AE.PrimalItemArtifact_09AE,Artifact of the Strong
/Game/Mods/AE/Dinos/Special/BionicGiga/CraftingItems/PrimalItemArtifact_10AE.PrimalItemArtifact_10AE,Artifact of the Flamekeeper
/Game/Mods/AE/Dinos/Special/BionicGiga/CraftingItems/PrimalItemArtifact_11AE.PrimalItemArtifact_11AE,Artifact of the Cunning
/Game/Mods/AE/Dinos/Special/BionicGiga/CraftingItems/PrimalItemArtifact_12AE.PrimalItemArtifact_12AE,Artifact of the Brute
/Game/Mods/AE/Dinos/Special/BionicGiga/CraftingItems/PrimalItemArtifactALL_AE.PrimalItemArtifactALL_AE,All Artifacts
/Game/Mods/AE/Dinos/Special/BionicGiga/CraftingItems/PrimalItemArtifactSE_01AE.PrimalItemArtifactSE_01AE,Artifact of the Gatekeeper
/Game/Mods/AE/Dinos/Special/BionicGiga/CraftingItems/PrimalItemArtifactSE_02AE.PrimalItemArtifactSE_02AE,Artifact of the Crag
/Game/Mods/AE/Dinos/Special/BionicGiga/CraftingItems/PrimalItemArtifactSE_03AE.PrimalItemArtifactSE_03AE,Artifact of the Destroyer
/Game/Mods/AE/Dinos/Special/BionicGiga/CraftingItems/PrimalItemResource_ElementAE.PrimalItemResource_ElementAE,Element A E
/Game/Mods/AE/Dinos/Special/BionicGiga/CraftingItems/PrimalItemResource_ElementShardAE.PrimalItemResource_ElementShardAE,Element Shard A E
/Game/Mods/AE/Dinos/Special/EternalDodo/RaphusDodo/RaphusDodoEgg/PrimalItemConsumable_Egg_RaphusEgg_Fertilized.PrimalItemConsumable_Egg_RaphusEgg_Fertilized,Egg Raphus Egg Fertilized
/Game/Mods/AE/Dinos/Special/Rabbit/PrimalItemConsumable_DinoPoopRabbitSmall.PrimalItemConsumable_DinoPoopRabbitSmall,Dino Poop Rabbit Small
/Game/Mods/AE/Dinos/Vanilla/FlyerEggs/PrimalItemConsumable_Egg_Argent_FertilizedAE.PrimalItemConsumable_Egg_Argent_FertilizedAE,Egg Argent Fertilized A E
/Game/Mods/AE/Dinos/Vanilla/FlyerEggs/PrimalItemConsumable_Egg_Ptero_FertilizedAE.PrimalItemConsumable_Egg_Ptero_FertilizedAE,Egg Ptero Fertilized A E
/Game/Mods/AE/Dinos/Vanilla/FlyerEggs/PrimalItemConsumable_Egg_Quetz_FertilizedAE.PrimalItemConsumable_Egg_Quetz_FertilizedAE,Egg Quetz Fertilized A E
/Game/Mods/AE/Dinos/Vanilla/FlyerEggs/PrimalItemConsumable_Egg_Tapejara_FertilizedAE.PrimalItemConsumable_Egg_Tapejara_FertilizedAE,Egg Tapejara Fertilized A E
/Game/Mods/AE/Dinos/Wyverns/Eggs/PrimalItemConsumable_Egg_Power_Wyvern_Fertilized.PrimalItemConsumable_Egg_Power_Wyvern_Fertilized,Egg Power Wyvern Fertilized
/Game/Mods/AE/Items/Admin/Rifle/PrimalItem_AdminRifle.PrimalItem_AdminRifle,Admin Rifle
/Game/Mods/AE/Items/AncientOrb/PrimalItemConsumable_AncientOrb.PrimalItemConsumable_AncientOrb,Ancient Orb
/Game/Mods/AE/Items/Carrots/PrimalItem_GoldenCarrot.PrimalItem_GoldenCarrot,Golden Carrot
/Game/Mods/AE/Items/Carrots/PrimalItem_SilverCarrot.PrimalItem_SilverCarrot,Silver Carrot
/Game/Mods/AE/Items/Costumes/Bone/PrimalItemCostume_Bone_Bronto.PrimalItemCostume_Bone_Bronto,Bone Bronto Costume
/Game/Mods/AE/Items/Costumes/Bone/PrimalItemCostume_Bone_Carno.PrimalItemCostume_Bone_Carno,Bone Carno Costume
/Game/Mods/AE/Items/Costumes/Bone/PrimalItemCostume_Bone_Giga.PrimalItemCostume_Bone_Giga,Bone Giga Costume
/Game/Mods/AE/Items/Costumes/Bone/PrimalItemCostume_Bone_Quetz.PrimalItemCostume_Bone_Quetz,Bone Quetz Costume
/Game/Mods/AE/Items/Costumes/Bone/PrimalItemCostume_Bone_Raptor.PrimalItemCostume_Bone_Raptor,Bone Raptor Costume
/Game/Mods/AE/Items/Costumes/Bone/PrimalItemCostume_Bone_Rex.PrimalItemCostume_Bone_Rex,Bone Rex Costume
/Game/Mods/AE/Items/Costumes/Bone/PrimalItemCostume_Bone_Stego.PrimalItemCostume_Bone_Stego,Bone Stego Costume
/Game/Mods/AE/Items/Costumes/Bone/PrimalItemCostume_Bone_Trike.PrimalItemCostume_Bone_Trike,Bone Trike Costume
/Game/Mods/AE/Items/Costumes/Bone/PrimalItemCostume_Bone_Wyvern.PrimalItemCostume_Bone_Wyvern,Bone Wyvern Costume
/Game/Mods/AE/Items/Costumes/Special/PrimalItemCostume_ZombDodo.PrimalItemCostume_ZombDodo,Zomb Dodo Costume
/Game/Mods/AE/Items/Costumes/Spectral/AzSpectral/PrimalItemCostume_SpectralWyvernAzrael.PrimalItemCostume_SpectralWyvernAzrael,Spectral Wyvern Azrael Costume
/Game/Mods/AE/Items/Costumes/Spectral/LKSpectral/PrimalItemCostume_SpectralWyvernLK.PrimalItemCostume_SpectralWyvernLK,Spectral Wyvern L K Costume
/Game/Mods/AE/Items/Costumes/Spectral/MythSpectral/PrimalItemCostume_SpectralWyvernMyth.PrimalItemCostume_SpectralWyvernMyth,Spectral Wyvern Myth Costume
/Game/Mods/AE/Items/Costumes/TheUnknown/Gorilla/Poison/PrimalItemCostume_Unknown_Gorilla_Poison.PrimalItemCostume_Unknown_Gorilla_Poison,Unknown Gorilla Poison Costume
/Game/Mods/AE/Items/Costumes/TheUnknown/Gorilla/Power/PrimalItemCostume_Unknown_Gorilla_Power.PrimalItemCostume_Unknown_Gorilla_Power,Unknown Gorilla Power Costume
/Game/Mods/AE/Items/Costumes/TheUnknown/Gorilla/Speed/PrimalItemCostume_Unknown_Gorilla_Speed.PrimalItemCostume_Unknown_Gorilla_Speed,Unknown Gorilla Speed Costume
/Game/Mods/AE/Items/Costumes/TheUnknown/Wyvern/Poison/PrimalItemCostume_Unknown_Wyvern_Poison.PrimalItemCostume_Unknown_Wyvern_Poison,Unknown Wyvern Poison Costume
/Game/Mods/AE/Items/Costumes/TheUnknown/Wyvern/Power/PrimalItemCostume_Unknown_Wyvern_Power.PrimalItemCostume_Unknown_Wyvern_Power,Unknown Wyvern Power Costume
/Game/Mods/AE/Items/Costumes/TheUnknown/Wyvern/Speed/PrimalItemCostume_Unknown_Wyvern_Speed.PrimalItemCostume_Unknown_Wyvern_Speed,Unknown Wyvern Speed Costume
/Game/Mods/AE/Items/Crystals/PrimalItemConsumable_Crystal_Blue.PrimalItemConsumable_Crystal_Blue,Crystal Blue
/Game/Mods/AE/Items/Crystals/PrimalItemConsumable_Crystal_Green.PrimalItemConsumable_Crystal_Green,Crystal Green
/Game/Mods/AE/Items/Crystals/PrimalItemConsumable_Crystal_Orange.PrimalItemConsumable_Crystal_Orange,Crystal Orange
/Game/Mods/AE/Items/Crystals/PrimalItemConsumable_Crystal_Red.PrimalItemConsumable_Crystal_Red,Crystal Red
/Game/Mods/AE/Items/DinoBlood/PrimalItemConsumable_DinoBlood.PrimalItemConsumable_DinoBlood,Dino Blood
/Game/Mods/AE/Items/DinoDNA/PrimalItem_DinoDNA.PrimalItem_DinoDNA,Dino D N A
/Game/Mods/AE/Items/DinoEggs/PrimalItemConsumable_Egg_Allo_AE.PrimalItemConsumable_Egg_Allo_AE,Egg Allo A E
/Game/Mods/AE/Items/DinoEggs/PrimalItemConsumable_Egg_Allo_Alpha_Fertilized.PrimalItemConsumable_Egg_Allo_Alpha_Fertilized,Egg Allo Alpha Fertilized
/Game/Mods/AE/Items/DinoEggs/PrimalItemConsumable_Egg_Allo_Elemental_Cursed_Fertilized.PrimalItemConsumable_Egg_Allo_Elemental_Cursed_Fertilized,Egg Allo Elemental Cursed Fertilized
/Game/Mods/AE/Items/DinoEggs/PrimalItemConsumable_Egg_Allo_Elemental_Fire_Fertilized.PrimalItemConsumable_Egg_Allo_Elemental_Fire_Fertilized,Egg Allo Elemental Fire Fertilized
/Game/Mods/AE/Items/DinoEggs/PrimalItemConsumable_Egg_Allo_Elemental_Ice_Fertilized.PrimalItemConsumable_Egg_Allo_Elemental_Ice_Fertilized,Egg Allo Elemental Ice Fertilized
/Game/Mods/AE/Items/DinoEggs/PrimalItemConsumable_Egg_Allo_Elemental_Lightning_Fertilized.PrimalItemConsumable_Egg_Allo_Elemental_Lightning_Fertilized,Egg Allo Elemental Lightning Fertilized
/Game/Mods/AE/Items/DinoEggs/PrimalItemConsumable_Egg_Allo_Elemental_Poison_Fertilized.PrimalItemConsumable_Egg_Allo_Elemental_Poison_Fertilized,Egg Allo Elemental Poison Fertilized
/Game/Mods/AE/Items/DinoEggs/PrimalItemConsumable_Egg_Allo_Eternal_Fertilized.PrimalItemConsumable_Egg_Allo_Eternal_Fertilized,Egg Allo Eternal Fertilized
/Game/Mods/AE/Items/DinoEggs/PrimalItemConsumable_Egg_Allo_Evo_Fertilized.PrimalItemConsumable_Egg_Allo_Evo_Fertilized,Egg Allo Evo Fertilized
/Game/Mods/AE/Items/DinoEggs/PrimalItemConsumable_Egg_Ankylo_AE.PrimalItemConsumable_Egg_Ankylo_AE,Egg Ankylo A E
/Game/Mods/AE/Items/DinoEggs/PrimalItemConsumable_Egg_Ankylo_Eternal_Fertilized.PrimalItemConsumable_Egg_Ankylo_Eternal_Fertilized,Egg Ankylo Eternal Fertilized
/Game/Mods/AE/Items/DinoEggs/PrimalItemConsumable_Egg_Ankylo_Eternal_NOAC_Fertilized.PrimalItemConsumable_Egg_Ankylo_Eternal_NOAC_Fertilized,Egg Ankylo Eternal N O A C Fertilized
/Game/Mods/AE/Items/DinoEggs/PrimalItemConsumable_Egg_Archa_AE.PrimalItemConsumable_Egg_Archa_AE,Egg Archa A E
/Game/Mods/AE/Items/DinoEggs/PrimalItemConsumable_Egg_Argent_AE.PrimalItemConsumable_Egg_Argent_AE,Egg Argent A E
/Game/Mods/AE/Items/DinoEggs/PrimalItemConsumable_Egg_Argent_Alpha_Fertilized.PrimalItemConsumable_Egg_Argent_Alpha_Fertilized,Egg Argent Alpha Fertilized
/Game/Mods/AE/Items/DinoEggs/PrimalItemConsumable_Egg_Argent_Cursed_Fertilized.PrimalItemConsumable_Egg_Argent_Cursed_Fertilized,Egg Argent Cursed Fertilized
/Game/Mods/AE/Items/DinoEggs/PrimalItemConsumable_Egg_Argent_Fire_Fertilized.PrimalItemConsumable_Egg_Argent_Fire_Fertilized,Egg Argent Fire Fertilized
/Game/Mods/AE/Items/DinoEggs/PrimalItemConsumable_Egg_Argent_Ice_Fertilized.PrimalItemConsumable_Egg_Argent_Ice_Fertilized,Egg Argent Ice Fertilized
/Game/Mods/AE/Items/DinoEggs/PrimalItemConsumable_Egg_Argent_Infernal_Fertilized.PrimalItemConsumable_Egg_Argent_Infernal_Fertilized,Egg Argent Infernal Fertilized
/Game/Mods/AE/Items/DinoEggs/PrimalItemConsumable_Egg_Argent_Lightning_Fertilized.PrimalItemConsumable_Egg_Argent_Lightning_Fertilized,Egg Argent Lightning Fertilized
/Game/Mods/AE/Items/DinoEggs/PrimalItemConsumable_Egg_Argent_Poison_Fertilized.PrimalItemConsumable_Egg_Argent_Poison_Fertilized,Egg Argent Poison Fertilized
/Game/Mods/AE/Items/DinoEggs/PrimalItemConsumable_Egg_Argent_Prime_Fertilized.PrimalItemConsumable_Egg_Argent_Prime_Fertilized,Egg Argent Prime Fertilized
/Game/Mods/AE/Items/DinoEggs/PrimalItemConsumable_Egg_Baryonyx_AE.PrimalItemConsumable_Egg_Baryonyx_AE,Egg Baryonyx A E
/Game/Mods/AE/Items/DinoEggs/PrimalItemConsumable_Egg_Boa_AE.PrimalItemConsumable_Egg_Boa_AE,Egg Boa A E
/Game/Mods/AE/Items/DinoEggs/PrimalItemConsumable_Egg_Boa_Eternal_Fertilized.PrimalItemConsumable_Egg_Boa_Eternal_Fertilized,Egg Boa Eternal Fertilized
/Game/Mods/AE/Items/DinoEggs/PrimalItemConsumable_Egg_Bronto_AE.PrimalItemConsumable_Egg_Bronto_AE,Egg Bronto A E
/Game/Mods/AE/Items/DinoEggs/PrimalItemConsumable_Egg_Bronto_Behemoth_Fertilized.PrimalItemConsumable_Egg_Bronto_Behemoth_Fertilized,Egg Bronto Behemoth Fertilized
/Game/Mods/AE/Items/DinoEggs/PrimalItemConsumable_Egg_Bronto_Eternal_Fertilized.PrimalItemConsumable_Egg_Bronto_Eternal_Fertilized,Egg Bronto Eternal Fertilized
/Game/Mods/AE/Items/DinoEggs/PrimalItemConsumable_Egg_Broodmother_Dominous_Fertilized.PrimalItemConsumable_Egg_Broodmother_Dominous_Fertilized,Egg Broodmother Dominous Fertilized
/Game/Mods/AE/Items/DinoEggs/PrimalItemConsumable_Egg_Carno_AE.PrimalItemConsumable_Egg_Carno_AE,Egg Carno A E
/Game/Mods/AE/Items/DinoEggs/PrimalItemConsumable_Egg_Carno_Alpha_Fertilized.PrimalItemConsumable_Egg_Carno_Alpha_Fertilized,Egg Carno Alpha Fertilized
/Game/Mods/AE/Items/DinoEggs/PrimalItemConsumable_Egg_Carno_Evo_Fertilized.PrimalItemConsumable_Egg_Carno_Evo_Fertilized,Egg Carno Evo Fertilized
/Game/Mods/AE/Items/DinoEggs/PrimalItemConsumable_Egg_Carno_Infernal_Fertilized.PrimalItemConsumable_Egg_Carno_Infernal_Fertilized,Egg Carno Infernal Fertilized
/Game/Mods/AE/Items/DinoEggs/PrimalItemConsumable_Egg_Carno_Prime_Fertilized.PrimalItemConsumable_Egg_Carno_Prime_Fertilized,Egg Carno Prime Fertilized
/Game/Mods/AE/Items/DinoEggs/PrimalItemConsumable_Egg_Compy_AE.PrimalItemConsumable_Egg_Compy_AE,Egg Compy A E
/Game/Mods/AE/Items/DinoEggs/PrimalItemConsumable_Egg_Compy_Evo_Fertilized.PrimalItemConsumable_Egg_Compy_Evo_Fertilized,Egg Compy Evo Fertilized
/Game/Mods/AE/Items/DinoEggs/PrimalItemConsumable_Egg_Darkstar_Evo_Fertilized.PrimalItemConsumable_Egg_Darkstar_Evo_Fertilized,Egg Darkstar Evo Fertilized
/Game/Mods/AE/Items/DinoEggs/PrimalItemConsumable_Egg_Dilo_AE.PrimalItemConsumable_Egg_Dilo_AE,Egg Dilo A E
/Game/Mods/AE/Items/DinoEggs/PrimalItemConsumable_Egg_Dilo_Elite_Fertilized.PrimalItemConsumable_Egg_Dilo_Elite_Fertilized,Egg Dilo Elite Fertilized
/Game/Mods/AE/Items/DinoEggs/PrimalItemConsumable_Egg_Dimetrodon_AE.PrimalItemConsumable_Egg_Dimetrodon_AE,Egg Dimetrodon A E
/Game/Mods/AE/Items/DinoEggs/PrimalItemConsumable_Egg_Dimorph_AE.PrimalItemConsumable_Egg_Dimorph_AE,Egg Dimorph A E
/Game/Mods/AE/Items/DinoEggs/PrimalItemConsumable_Egg_Dimorph_Elite_Fertilized.PrimalItemConsumable_Egg_Dimorph_Elite_Fertilized,Egg Dimorph Elite Fertilized
/Game/Mods/AE/Items/DinoEggs/PrimalItemConsumable_Egg_Diplo_AE.PrimalItemConsumable_Egg_Diplo_AE,Egg Diplo A E
/Game/Mods/AE/Items/DinoEggs/PrimalItemConsumable_Egg_Diplocaulus_AE.PrimalItemConsumable_Egg_Diplocaulus_AE,Egg Diplocaulus A E
/Game/Mods/AE/Items/DinoEggs/PrimalItemConsumable_Egg_Dodo_AE.PrimalItemConsumable_Egg_Dodo_AE,Egg Dodo A E
/Game/Mods/AE/Items/DinoEggs/PrimalItemConsumable_Egg_Dodo_Eternal_Fertilized.PrimalItemConsumable_Egg_Dodo_Eternal_Fertilized,Egg Dodo Eternal Fertilized
/Game/Mods/AE/Items/DinoEggs/PrimalItemConsumable_Egg_Dodo_Raphus_Fertilized.PrimalItemConsumable_Egg_Dodo_Raphus_Fertilized,Egg Dodo Raphus Fertilized
/Game/Mods/AE/Items/DinoEggs/PrimalItemConsumable_Egg_Dodorex_Ancient_Fertilized.PrimalItemConsumable_Egg_Dodorex_Ancient_Fertilized,Egg Dodorex Ancient Fertilized
/Game/Mods/AE/Items/DinoEggs/PrimalItemConsumable_Egg_Dodorex_Dominous_Fertilized.PrimalItemConsumable_Egg_Dodorex_Dominous_Fertilized,Egg Dodorex Dominous Fertilized
/Game/Mods/AE/Items/DinoEggs/PrimalItemConsumable_Egg_Dodorex_Evo_Fertilized.PrimalItemConsumable_Egg_Dodorex_Evo_Fertilized,Egg Dodorex Evo Fertilized
/Game/Mods/AE/Items/DinoEggs/PrimalItemConsumable_Egg_Dodorex_Infernal_Fertilized.PrimalItemConsumable_Egg_Dodorex_Infernal_Fertilized,Egg Dodorex Infernal Fertilized
/Game/Mods/AE/Items/DinoEggs/PrimalItemConsumable_Egg_DodoWyvern_Fertilized.PrimalItemConsumable_Egg_DodoWyvern_Fertilized,Egg Dodo Wyvern Fertilized
/Game/Mods/AE/Items/DinoEggs/PrimalItemConsumable_Egg_Dragon_Dominous_Fertilized.PrimalItemConsumable_Egg_Dragon_Dominous_Fertilized,Egg Dragon Dominous Fertilized
/Game/Mods/AE/Items/DinoEggs/PrimalItemConsumable_Egg_Dragon_Fire_Fertilized.PrimalItemConsumable_Egg_Dragon_Fire_Fertilized,Egg Dragon Fire Fertilized
/Game/Mods/AE/Items/DinoEggs/PrimalItemConsumable_Egg_Dragon_Lightning_Fertilized.PrimalItemConsumable_Egg_Dragon_Lightning_Fertilized,Egg Dragon Lightning Fertilized
/Game/Mods/AE/Items/DinoEggs/PrimalItemConsumable_Egg_Dragon_Poison_Fertilized.PrimalItemConsumable_Egg_Dragon_Poison_Fertilized,Egg Dragon Poison Fertilized
/Game/Mods/AE/Items/DinoEggs/PrimalItemConsumable_Egg_DragonIce__Fertilized.PrimalItemConsumable_Egg_DragonIce__Fertilized,Egg Dragon Ice Fertilized
/Game/Mods/AE/Items/DinoEggs/PrimalItemConsumable_Egg_Galli_AE.PrimalItemConsumable_Egg_Galli_AE,Egg Galli A E
/Game/Mods/AE/Items/DinoEggs/PrimalItemConsumable_Egg_Gigant_AE.PrimalItemConsumable_Egg_Gigant_AE,Egg Gigant A E
/Game/Mods/AE/Items/DinoEggs/PrimalItemConsumable_Egg_Gigant_AEINF.PrimalItemConsumable_Egg_Gigant_AEINF,Egg Gigant A E I N F
/Game/Mods/AE/Items/DinoEggs/PrimalItemConsumable_Egg_Gigant_Alpha_Fertilized.PrimalItemConsumable_Egg_Gigant_Alpha_Fertilized,Egg Gigant Alpha Fertilized
/Game/Mods/AE/Items/DinoEggs/PrimalItemConsumable_Egg_Gigant_Bionic_Fertilized.PrimalItemConsumable_Egg_Gigant_Bionic_Fertilized,Egg Gigant Bionic Fertilized
/Game/Mods/AE/Items/DinoEggs/PrimalItemConsumable_Egg_Gigant_Eternal_Fertilized.PrimalItemConsumable_Egg_Gigant_Eternal_Fertilized,Egg Gigant Eternal Fertilized
/Game/Mods/AE/Items/DinoEggs/PrimalItemConsumable_Egg_Gigant_Evo_Fertilized.PrimalItemConsumable_Egg_Gigant_Evo_Fertilized,Egg Gigant Evo Fertilized
/Game/Mods/AE/Items/DinoEggs/PrimalItemConsumable_Egg_Gigant_Infernal_Fertilized.PrimalItemConsumable_Egg_Gigant_Infernal_Fertilized,Egg Gigant Infernal Fertilized
/Game/Mods/AE/Items/DinoEggs/PrimalItemConsumable_Egg_Gigant_Prime_Fertilized.PrimalItemConsumable_Egg_Gigant_Prime_Fertilized,Egg Gigant Prime Fertilized
/Game/Mods/AE/Items/DinoEggs/PrimalItemConsumable_Egg_Hesperonis_AE.PrimalItemConsumable_Egg_Hesperonis_AE,Egg Hesperonis A E
/Game/Mods/AE/Items/DinoEggs/PrimalItemConsumable_Egg_Ichthyornis_AE.PrimalItemConsumable_Egg_Ichthyornis_AE,Egg Ichthyornis A E
/Game/Mods/AE/Items/DinoEggs/PrimalItemConsumable_Egg_Iguanodon_AE.PrimalItemConsumable_Egg_Iguanodon_AE,Egg Iguanodon A E
/Game/Mods/AE/Items/DinoEggs/PrimalItemConsumable_Egg_Indom_AE.PrimalItemConsumable_Egg_Indom_AE,Egg Indom A E
/Game/Mods/AE/Items/DinoEggs/PrimalItemConsumable_Egg_Kairuku_AE.PrimalItemConsumable_Egg_Kairuku_AE,Egg Kairuku A E
/Game/Mods/AE/Items/DinoEggs/PrimalItemConsumable_Egg_Kaprosuchus_AE.PrimalItemConsumable_Egg_Kaprosuchus_AE,Egg Kaprosuchus A E
/Game/Mods/AE/Items/DinoEggs/PrimalItemConsumable_Egg_Kaprosuchus_Alpha_Fertilized.PrimalItemConsumable_Egg_Kaprosuchus_Alpha_Fertilized,Egg Kaprosuchus Alpha Fertilized
/Game/Mods/AE/Items/DinoEggs/PrimalItemConsumable_Egg_Kaprosuchus_Eternal_Fertilized.PrimalItemConsumable_Egg_Kaprosuchus_Eternal_Fertilized,Egg Kaprosuchus Eternal Fertilized
/Game/Mods/AE/Items/DinoEggs/PrimalItemConsumable_Egg_Kentro_AE.PrimalItemConsumable_Egg_Kentro_AE,Egg Kentro A E
/Game/Mods/AE/Items/DinoEggs/PrimalItemConsumable_Egg_Kentro_Alpha_Fertilized.PrimalItemConsumable_Egg_Kentro_Alpha_Fertilized,Egg Kentro Alpha Fertilized
/Game/Mods/AE/Items/DinoEggs/PrimalItemConsumable_Egg_Kentro_Prime_Fertilized.PrimalItemConsumable_Egg_Kentro_Prime_Fertilized,Egg Kentro Prime Fertilized
/Game/Mods/AE/Items/DinoEggs/PrimalItemConsumable_Egg_Lystro_AE.PrimalItemConsumable_Egg_Lystro_AE,Egg Lystro A E
/Game/Mods/AE/Items/DinoEggs/PrimalItemConsumable_Egg_Manticore_Ancient_Fertilized.PrimalItemConsumable_Egg_Manticore_Ancient_Fertilized,Egg Manticore Ancient Fertilized
/Game/Mods/AE/Items/DinoEggs/PrimalItemConsumable_Egg_Manticore_Dominous_Fertilized.PrimalItemConsumable_Egg_Manticore_Dominous_Fertilized,Egg Manticore Dominous Fertilized
/Game/Mods/AE/Items/DinoEggs/PrimalItemConsumable_Egg_Megalania_AE.PrimalItemConsumable_Egg_Megalania_AE,Egg Megalania A E
/Game/Mods/AE/Items/DinoEggs/PrimalItemConsumable_Egg_Megalosaurus_AE.PrimalItemConsumable_Egg_Megalosaurus_AE,Egg Megalosaurus A E
/Game/Mods/AE/Items/DinoEggs/PrimalItemConsumable_Egg_Megalosaurus_Eternal_Fertilized.PrimalItemConsumable_Egg_Megalosaurus_Eternal_Fertilized,Egg Megalosaurus Eternal Fertilized
/Game/Mods/AE/Items/DinoEggs/PrimalItemConsumable_Egg_MicroRaptor_AE.PrimalItemConsumable_Egg_MicroRaptor_AE,Egg Micro Raptor A E
/Game/Mods/AE/Items/DinoEggs/PrimalItemConsumable_Egg_Moschops_AE.PrimalItemConsumable_Egg_Moschops_AE,Egg Moschops A E
/Game/Mods/AE/Items/DinoEggs/PrimalItemConsumable_Egg_Oviraptor_AE.PrimalItemConsumable_Egg_Oviraptor_AE,Egg Oviraptor A E
/Game/Mods/AE/Items/DinoEggs/PrimalItemConsumable_Egg_Pachy_AE.PrimalItemConsumable_Egg_Pachy_AE,Egg Pachy A E
/Game/Mods/AE/Items/DinoEggs/PrimalItemConsumable_Egg_Pachyrhino_AE.PrimalItemConsumable_Egg_Pachyrhino_AE,Egg Pachyrhino A E
/Game/Mods/AE/Items/DinoEggs/PrimalItemConsumable_Egg_Para_AE.PrimalItemConsumable_Egg_Para_AE,Egg Para A E
/Game/Mods/AE/Items/DinoEggs/PrimalItemConsumable_Egg_Para_Robot_Fertilized.PrimalItemConsumable_Egg_Para_Robot_Fertilized,Egg Para Robot Fertilized
/Game/Mods/AE/Items/DinoEggs/PrimalItemConsumable_Egg_Pegomastax_AE.PrimalItemConsumable_Egg_Pegomastax_AE,Egg Pegomastax A E
/Game/Mods/AE/Items/DinoEggs/PrimalItemConsumable_Egg_Pela_AE.PrimalItemConsumable_Egg_Pela_AE,Egg Pela A E
/Game/Mods/AE/Items/DinoEggs/PrimalItemConsumable_Egg_Ptero_AE.PrimalItemConsumable_Egg_Ptero_AE,Egg Ptero A E
/Game/Mods/AE/Items/DinoEggs/PrimalItemConsumable_Egg_Ptero_Alpha_Fertilized.PrimalItemConsumable_Egg_Ptero_Alpha_Fertilized,Egg Ptero Alpha Fertilized
/Game/Mods/AE/Items/DinoEggs/PrimalItemConsumable_Egg_Ptero_Elemental_Cursed_Fertilized.PrimalItemConsumable_Egg_Ptero_Elemental_Cursed_Fertilized,Egg Ptero Elemental Cursed Fertilized
/Game/Mods/AE/Items/DinoEggs/PrimalItemConsumable_Egg_Ptero_Elemental_Fire_Fertilized.PrimalItemConsumable_Egg_Ptero_Elemental_Fire_Fertilized,Egg Ptero Elemental Fire Fertilized
/Game/Mods/AE/Items/DinoEggs/PrimalItemConsumable_Egg_Ptero_Elemental_Ice_Fertilized.PrimalItemConsumable_Egg_Ptero_Elemental_Ice_Fertilized,Egg Ptero Elemental Ice Fertilized
/Game/Mods/AE/Items/DinoEggs/PrimalItemConsumable_Egg_Ptero_Elemental_Lightning_Fertilized.PrimalItemConsumable_Egg_Ptero_Elemental_Lightning_Fertilized,Egg Ptero Elemental Lightning Fertilized
/Game/Mods/AE/Items/DinoEggs/PrimalItemConsumable_Egg_Ptero_Elemental_Poison_Fertilized.PrimalItemConsumable_Egg_Ptero_Elemental_Poison_Fertilized,Egg Ptero Elemental Poison Fertilized
/Game/Mods/AE/Items/DinoEggs/PrimalItemConsumable_Egg_Ptero_Prime_Fertilized.PrimalItemConsumable_Egg_Ptero_Prime_Fertilized,Egg Ptero Prime Fertilized
/Game/Mods/AE/Items/DinoEggs/PrimalItemConsumable_Egg_Quetz_AE.PrimalItemConsumable_Egg_Quetz_AE,Egg Quetz A E
/Game/Mods/AE/Items/DinoEggs/PrimalItemConsumable_Egg_Quetz_Ancient_Fertilized.PrimalItemConsumable_Egg_Quetz_Ancient_Fertilized,Egg Quetz Ancient Fertilized
/Game/Mods/AE/Items/DinoEggs/PrimalItemConsumable_Egg_Quetz_Behemoth_Fertilized.PrimalItemConsumable_Egg_Quetz_Behemoth_Fertilized,Egg Quetz Behemoth Fertilized
/Game/Mods/AE/Items/DinoEggs/PrimalItemConsumable_Egg_Quetz_Eternal_Fertilized.PrimalItemConsumable_Egg_Quetz_Eternal_Fertilized,Egg Quetz Eternal Fertilized
/Game/Mods/AE/Items/DinoEggs/PrimalItemConsumable_Egg_Quetz_Robot_Fertilized.PrimalItemConsumable_Egg_Quetz_Robot_Fertilized,Egg Quetz Robot Fertilized
/Game/Mods/AE/Items/DinoEggs/PrimalItemConsumable_Egg_Raptor_AE.PrimalItemConsumable_Egg_Raptor_AE,Egg Raptor A E
/Game/Mods/AE/Items/DinoEggs/PrimalItemConsumable_Egg_Raptor_Alpha_Fertilized.PrimalItemConsumable_Egg_Raptor_Alpha_Fertilized,Egg Raptor Alpha Fertilized
/Game/Mods/AE/Items/DinoEggs/PrimalItemConsumable_Egg_Raptor_Elemental_Cursed_Fertilized.PrimalItemConsumable_Egg_Raptor_Elemental_Cursed_Fertilized,Egg Raptor Elemental Cursed Fertilized
/Game/Mods/AE/Items/DinoEggs/PrimalItemConsumable_Egg_Raptor_Elemental_Fire_Fertilized.PrimalItemConsumable_Egg_Raptor_Elemental_Fire_Fertilized,Egg Raptor Elemental Fire Fertilized
/Game/Mods/AE/Items/DinoEggs/PrimalItemConsumable_Egg_Raptor_Elemental_Ice_Fertilized.PrimalItemConsumable_Egg_Raptor_Elemental_Ice_Fertilized,Egg Raptor Elemental Ice Fertilized
/Game/Mods/AE/Items/DinoEggs/PrimalItemConsumable_Egg_Raptor_Elemental_Lightning_Fertilized.PrimalItemConsumable_Egg_Raptor_Elemental_Lightning_Fertilized,Egg Raptor Elemental Lightning Fertilized
/Game/Mods/AE/Items/DinoEggs/PrimalItemConsumable_Egg_Raptor_Elemental_Poison_Fertilized.PrimalItemConsumable_Egg_Raptor_Elemental_Poison_Fertilized,Egg Raptor Elemental Poison Fertilized
/Game/Mods/AE/Items/DinoEggs/PrimalItemConsumable_Egg_Raptor_Eternal_Fertilized.PrimalItemConsumable_Egg_Raptor_Eternal_Fertilized,Egg Raptor Eternal Fertilized
/Game/Mods/AE/Items/DinoEggs/PrimalItemConsumable_Egg_Raptor_Evo_Fertilized.PrimalItemConsumable_Egg_Raptor_Evo_Fertilized,Egg Raptor Evo Fertilized
/Game/Mods/AE/Items/DinoEggs/PrimalItemConsumable_Egg_Raptor_Prime_Fertilized.PrimalItemConsumable_Egg_Raptor_Prime_Fertilized,Egg Raptor Prime Fertilized
/Game/Mods/AE/Items/DinoEggs/PrimalItemConsumable_Egg_Raptor_Robot_Fertilized.PrimalItemConsumable_Egg_Raptor_Robot_Fertilized,Egg Raptor Robot Fertilized
/Game/Mods/AE/Items/DinoEggs/PrimalItemConsumable_Egg_Rex_AE.PrimalItemConsumable_Egg_Rex_AE,Egg Rex A E
/Game/Mods/AE/Items/DinoEggs/PrimalItemConsumable_Egg_Rex_Alpha_Fertilized.PrimalItemConsumable_Egg_Rex_Alpha_Fertilized,Egg Rex Alpha Fertilized
/Game/Mods/AE/Items/DinoEggs/PrimalItemConsumable_Egg_Rex_Elemental_Cursed_Fertilized.PrimalItemConsumable_Egg_Rex_Elemental_Cursed_Fertilized,Egg Rex Elemental Cursed Fertilized
/Game/Mods/AE/Items/DinoEggs/PrimalItemConsumable_Egg_Rex_Elemental_Fire_Fertilized.PrimalItemConsumable_Egg_Rex_Elemental_Fire_Fertilized,Egg Rex Elemental Fire Fertilized
/Game/Mods/AE/Items/DinoEggs/PrimalItemConsumable_Egg_Rex_Elemental_Ice_Fertilized.PrimalItemConsumable_Egg_Rex_Elemental_Ice_Fertilized,Egg Rex Elemental Ice Fertilized
/Game/Mods/AE/Items/DinoEggs/PrimalItemConsumable_Egg_Rex_Elemental_Lightning_Fertilized.PrimalItemConsumable_Egg_Rex_Elemental_Lightning_Fertilized,Egg Rex Elemental Lightning Fertilized
/Game/Mods/AE/Items/DinoEggs/PrimalItemConsumable_Egg_Rex_Elemental_Poison_Fertilized.PrimalItemConsumable_Egg_Rex_Elemental_Poison_Fertilized,Egg Rex Elemental Poison Fertilized
/Game/Mods/AE/Items/DinoEggs/PrimalItemConsumable_Egg_Rex_Eternal_Fertilized.PrimalItemConsumable_Egg_Rex_Eternal_Fertilized,Egg Rex Eternal Fertilized
/Game/Mods/AE/Items/DinoEggs/PrimalItemConsumable_Egg_Rex_Evo_Fertilized.PrimalItemConsumable_Egg_Rex_Evo_Fertilized,Egg Rex Evo Fertilized
/Game/Mods/AE/Items/DinoEggs/PrimalItemConsumable_Egg_Rex_Indom_Alpha_Fertilized.PrimalItemConsumable_Egg_Rex_Indom_Alpha_Fertilized,Egg Rex Indom Alpha Fertilized
/Game/Mods/AE/Items/DinoEggs/PrimalItemConsumable_Egg_Rex_Indom_Infernal_Fertilized.PrimalItemConsumable_Egg_Rex_Indom_Infernal_Fertilized,Egg Rex Indom Infernal Fertilized
/Game/Mods/AE/Items/DinoEggs/PrimalItemConsumable_Egg_Rex_Indom_Prime_Fertilized.PrimalItemConsumable_Egg_Rex_Indom_Prime_Fertilized,Egg Rex Indom Prime Fertilized
/Game/Mods/AE/Items/DinoEggs/PrimalItemConsumable_Egg_Rex_Infernal_Fertilized.PrimalItemConsumable_Egg_Rex_Infernal_Fertilized,Egg Rex Infernal Fertilized
/Game/Mods/AE/Items/DinoEggs/PrimalItemConsumable_Egg_Rex_Prime_Fertilized.PrimalItemConsumable_Egg_Rex_Prime_Fertilized,Egg Rex Prime Fertilized
/Game/Mods/AE/Items/DinoEggs/PrimalItemConsumable_Egg_Rex_Robot_Fertilized.PrimalItemConsumable_Egg_Rex_Robot_Fertilized,Egg Rex Robot Fertilized
/Game/Mods/AE/Items/DinoEggs/PrimalItemConsumable_Egg_Rex_Spectral_Fertilized.PrimalItemConsumable_Egg_Rex_Spectral_Fertilized,Egg Rex Spectral Fertilized
/Game/Mods/AE/Items/DinoEggs/PrimalItemConsumable_Egg_Sarco_AE.PrimalItemConsumable_Egg_Sarco_AE,Egg Sarco A E
/Game/Mods/AE/Items/DinoEggs/PrimalItemConsumable_Egg_Sarco_Alpha_Fertilized.PrimalItemConsumable_Egg_Sarco_Alpha_Fertilized,Egg Sarco Alpha Fertilized
/Game/Mods/AE/Items/DinoEggs/PrimalItemConsumable_Egg_Scorpion_AE.PrimalItemConsumable_Egg_Scorpion_AE,Egg Scorpion A E
/Game/Mods/AE/Items/DinoEggs/PrimalItemConsumable_Egg_Spider_AE.PrimalItemConsumable_Egg_Spider_AE,Egg Spider A E
/Game/Mods/AE/Items/DinoEggs/PrimalItemConsumable_Egg_Spider_Eternal_Fertilized.PrimalItemConsumable_Egg_Spider_Eternal_Fertilized,Egg Spider Eternal Fertilized
/Game/Mods/AE/Items/DinoEggs/PrimalItemConsumable_Egg_Spino_AE.PrimalItemConsumable_Egg_Spino_AE,Egg Spino A E
/Game/Mods/AE/Items/DinoEggs/PrimalItemConsumable_Egg_Spino_Alpha_Fertilized.PrimalItemConsumable_Egg_Spino_Alpha_Fertilized,Egg Spino Alpha Fertilized
/Game/Mods/AE/Items/DinoEggs/PrimalItemConsumable_Egg_Spino_Eternal_Fertilized.PrimalItemConsumable_Egg_Spino_Eternal_Fertilized,Egg Spino Eternal Fertilized
/Game/Mods/AE/Items/DinoEggs/PrimalItemConsumable_Egg_Spino_Infernal_Fertilized.PrimalItemConsumable_Egg_Spino_Infernal_Fertilized,Egg Spino Infernal Fertilized
/Game/Mods/AE/Items/DinoEggs/PrimalItemConsumable_Egg_Spino_Prime_Fertilized.PrimalItemConsumable_Egg_Spino_Prime_Fertilized,Egg Spino Prime Fertilized
/Game/Mods/AE/Items/DinoEggs/PrimalItemConsumable_Egg_Stego_AE.PrimalItemConsumable_Egg_Stego_AE,Egg Stego A E
/Game/Mods/AE/Items/DinoEggs/PrimalItemConsumable_Egg_Stego_Robot_Fertilized.PrimalItemConsumable_Egg_Stego_Robot_Fertilized,Egg Stego Robot Fertilized
/Game/Mods/AE/Items/DinoEggs/PrimalItemConsumable_Egg_Tapejara_AE.PrimalItemConsumable_Egg_Tapejara_AE,Egg Tapejara A E
/Game/Mods/AE/Items/DinoEggs/PrimalItemConsumable_Egg_Tapejara_Elemental_Cursed_Fertilized.PrimalItemConsumable_Egg_Tapejara_Elemental_Cursed_Fertilized,Egg Tapejara Elemental Cursed Fertilized
/Game/Mods/AE/Items/DinoEggs/PrimalItemConsumable_Egg_Tapejara_Elemental_Fire_Fertilized.PrimalItemConsumable_Egg_Tapejara_Elemental_Fire_Fertilized,Egg Tapejara Elemental Fire Fertilized
/Game/Mods/AE/Items/DinoEggs/PrimalItemConsumable_Egg_Tapejara_Elemental_Ice_Fertilized.PrimalItemConsumable_Egg_Tapejara_Elemental_Ice_Fertilized,Egg Tapejara Elemental Ice Fertilized
/Game/Mods/AE/Items/DinoEggs/PrimalItemConsumable_Egg_Tapejara_Elemental_Lightning_Fertilized.PrimalItemConsumable_Egg_Tapejara_Elemental_Lightning_Fertilized,Egg Tapejara Elemental Lightning Fertilized
/Game/Mods/AE/Items/DinoEggs/PrimalItemConsumable_Egg_Tapejara_Elemental_Poison_Fertilized.PrimalItemConsumable_Egg_Tapejara_Elemental_Poison_Fertilized,Egg Tapejara Elemental Poison Fertilized
/Game/Mods/AE/Items/DinoEggs/PrimalItemConsumable_Egg_Terrorbird_AE.PrimalItemConsumable_Egg_Terrorbird_AE,Egg Terrorbird A E
/Game/Mods/AE/Items/DinoEggs/PrimalItemConsumable_Egg_TerrorBird_Alpha_Fertilized.PrimalItemConsumable_Egg_TerrorBird_Alpha_Fertilized,Egg Terror Bird Alpha Fertilized
/Game/Mods/AE/Items/DinoEggs/PrimalItemConsumable_Egg_Therizino_AE.PrimalItemConsumable_Egg_Therizino_AE,Egg Therizino A E
/Game/Mods/AE/Items/DinoEggs/PrimalItemConsumable_Egg_Therizino_Alpha_Fertilized.PrimalItemConsumable_Egg_Therizino_Alpha_Fertilized,Egg Therizino Alpha Fertilized
/Game/Mods/AE/Items/DinoEggs/PrimalItemConsumable_Egg_Therizino_Eternal_Fertilized.PrimalItemConsumable_Egg_Therizino_Eternal_Fertilized,Egg Therizino Eternal Fertilized
/Game/Mods/AE/Items/DinoEggs/PrimalItemConsumable_Egg_Trike_AE.PrimalItemConsumable_Egg_Trike_AE,Egg Trike A E
/Game/Mods/AE/Items/DinoEggs/PrimalItemConsumable_Egg_Trike_Elemental_Cursed_Fertilized.PrimalItemConsumable_Egg_Trike_Elemental_Cursed_Fertilized,Egg Trike Elemental Cursed Fertilized
/Game/Mods/AE/Items/DinoEggs/PrimalItemConsumable_Egg_Trike_Elemental_Fire_Fertilized.PrimalItemConsumable_Egg_Trike_Elemental_Fire_Fertilized,Egg Trike Elemental Fire Fertilized
/Game/Mods/AE/Items/DinoEggs/PrimalItemConsumable_Egg_Trike_Elemental_Ice_Fertilized.PrimalItemConsumable_Egg_Trike_Elemental_Ice_Fertilized,Egg Trike Elemental Ice Fertilized
/Game/Mods/AE/Items/DinoEggs/PrimalItemConsumable_Egg_Trike_Elemental_Lightning_Fertilized.PrimalItemConsumable_Egg_Trike_Elemental_Lightning_Fertilized,Egg Trike Elemental Lightning Fertilized
/Game/Mods/AE/Items/DinoEggs/PrimalItemConsumable_Egg_Trike_Elemental_Poison_Fertilized.PrimalItemConsumable_Egg_Trike_Elemental_Poison_Fertilized,Egg Trike Elemental Poison Fertilized
/Game/Mods/AE/Items/DinoEggs/PrimalItemConsumable_Egg_Trike_Robot_Fertilized.PrimalItemConsumable_Egg_Trike_Robot_Fertilized,Egg Trike Robot Fertilized
/Game/Mods/AE/Items/DinoEggs/PrimalItemConsumable_Egg_Troodon_AE.PrimalItemConsumable_Egg_Troodon_AE,Egg Troodon A E
/Game/Mods/AE/Items/DinoEggs/PrimalItemConsumable_Egg_Turtle_AE.PrimalItemConsumable_Egg_Turtle_AE,Egg Turtle A E
/Game/Mods/AE/Items/DinoEggs/PrimalItemConsumable_Egg_Wyvern_Alpha_Fertilized.PrimalItemConsumable_Egg_Wyvern_Alpha_Fertilized,Egg Wyvern Alpha Fertilized
/Game/Mods/AE/Items/DinoEggs/PrimalItemConsumable_Egg_Wyvern_Frost_Fertilized.PrimalItemConsumable_Egg_Wyvern_Frost_Fertilized,Egg Wyvern Frost Fertilized
/Game/Mods/AE/Items/DinoEggs/PrimalItemConsumable_Egg_Wyvern_Ice_Fertilized.PrimalItemConsumable_Egg_Wyvern_Ice_Fertilized,Egg Wyvern Ice Fertilized
/Game/Mods/AE/Items/DinoEggs/PrimalItemConsumable_Egg_Wyvern_Infernal_Fertilized.PrimalItemConsumable_Egg_Wyvern_Infernal_Fertilized,Egg Wyvern Infernal Fertilized
/Game/Mods/AE/Items/DinoEggs/PrimalItemConsumable_Egg_Wyvern_Prime_Fertilized.PrimalItemConsumable_Egg_Wyvern_Prime_Fertilized,Egg Wyvern Prime Fertilized
/Game/Mods/AE/Items/DinoEggs/PrimalItemConsumable_Egg_Wyvern_Spectral_Fertilized.PrimalItemConsumable_Egg_Wyvern_Spectral_Fertilized,Egg Wyvern Spectral Fertilized
/Game/Mods/AE/Items/DinoEggs/PrimalItemConsumable_Egg_Wyvern_Unknown_Poison_Fertilized.PrimalItemConsumable_Egg_Wyvern_Unknown_Poison_Fertilized,Egg Wyvern Unknown Poison Fertilized
/Game/Mods/AE/Items/DinoEggs/PrimalItemConsumable_Egg_Wyvern_Unknown_Power_Fertilized.PrimalItemConsumable_Egg_Wyvern_Unknown_Power_Fertilized,Egg Wyvern Unknown Power Fertilized
/Game/Mods/AE/Items/DinoEggs/PrimalItemConsumable_Egg_Wyvern_Unknown_Speed_Fertilized.PrimalItemConsumable_Egg_Wyvern_Unknown_Speed_Fertilized,Egg Wyvern Unknown Speed Fertilized
/Game/Mods/AE/Items/DinoEggs/PrimalItemConsumable_Egg_Wyvern_Zombie_Fertilized.PrimalItemConsumable_Egg_Wyvern_Zombie_Fertilized,Egg Wyvern Zombie Fertilized
/Game/Mods/AE/Items/DinoEggs/PrimalItemConsumable_Egg_Wyvern_Zombie_Poison_Fertilized.PrimalItemConsumable_Egg_Wyvern_Zombie_Poison_Fertilized,Egg Wyvern Zombie Poison Fertilized
/Game/Mods/AE/Items/DinoEggs/PrimalItemConsumable_Egg_Wyvern_Zombie_Power_Fertilized.PrimalItemConsumable_Egg_Wyvern_Zombie_Power_Fertilized,Egg Wyvern Zombie Power Fertilized
/Game/Mods/AE/Items/DinoEggs/PrimalItemConsumable_Egg_Wyvern_Zombie_Speed_Fertilized.PrimalItemConsumable_Egg_Wyvern_Zombie_Speed_Fertilized,Egg Wyvern Zombie Speed Fertilized
/Game/Mods/AE/Items/DinoEggs/PrimalItemConsumable_Egg_Yuty_AE.PrimalItemConsumable_Egg_Yuty_AE,Egg Yuty A E
/Game/Mods/AE/Items/DinoEggs/PrimalItemConsumable_Egg_Yuty_Alpha_Fertilized.PrimalItemConsumable_Egg_Yuty_Alpha_Fertilized,Egg Yuty Alpha Fertilized
/Game/Mods/AE/Items/DinoEggs/PrimalItemConsumable_Egg_Yuty_Infernal_Fertilized.PrimalItemConsumable_Egg_Yuty_Infernal_Fertilized,Egg Yuty Infernal Fertilized
/Game/Mods/AE/Items/DinoEggs/PrimalItemConsumable_Egg_Yuty_Prime_Fertilized.PrimalItemConsumable_Egg_Yuty_Prime_Fertilized,Egg Yuty Prime Fertilized
/Game/Mods/AE/Items/DinoHeart/PrimalItem_DinoHeart.PrimalItem_DinoHeart,Dino Heart
/Game/Mods/AE/Items/EternalDinoFood/AlphaKibble/PrimalItemConsumable_AlphaKibble.PrimalItemConsumable_AlphaKibble,Alpha Kibble
/Game/Mods/AE/Items/EternalDinoFood/AlphaMeat/PrimalItemConsumable_Alpha-Meat.PrimalItemConsumable_Alpha-Meat,Alpha Meat
/Game/Mods/AE/Items/EternalDinoFood/EternalKibble/PrimalItemConsumable_EternalKibble.PrimalItemConsumable_EternalKibble,Eternal Kibble
/Game/Mods/AE/Items/EternalDinoFood/EternalPrimeMeat/PrimalItemConsumable_EternalPrime-Meat.PrimalItemConsumable_EternalPrime-Meat,Eternam Prime Meat
/Game/Mods/AE/Items/EternalDinoFood/InstaTameFood/PrimalItemConsumable_InstaTameFood.PrimalItemConsumable_InstaTameFood,Instant Tame Food
/Game/Mods/AE/Items/EternalDodoEgg/PrimalItemConsumable_EternalDodoEgg.PrimalItemConsumable_EternalDodoEgg,Eternal Dodo Egg
/Game/Mods/AE/Items/FuturisticOrb/PrimalItemConsumable_FuturisticOrb.PrimalItemConsumable_FuturisticOrb,Futuristic Orb
/Game/Mods/AE/Items/GraboidParasite/PrimalItem_GraboidParasite.PrimalItem_GraboidParasite,Graboid Parasite
/Game/Mods/AE/Items/Kibbles/PrimalItemConsumable_Kibble_Allo_AE.PrimalItemConsumable_Kibble_Allo_AE,Kibble Allo A E
/Game/Mods/AE/Items/Kibbles/PrimalItemConsumable_Kibble_ArchaEgg_AE.PrimalItemConsumable_Kibble_ArchaEgg_AE,Kibble Archa Egg A E
/Game/Mods/AE/Items/Kibbles/PrimalItemConsumable_Kibble_ArgentEgg_AE.PrimalItemConsumable_Kibble_ArgentEgg_AE,Kibble Argent Egg A E
/Game/Mods/AE/Items/Kibbles/PrimalItemConsumable_Kibble_BaryonyxEgg_AE.PrimalItemConsumable_Kibble_BaryonyxEgg_AE,Kibble Baryonyx Egg A E
/Game/Mods/AE/Items/Kibbles/PrimalItemConsumable_Kibble_BoaEgg_AE.PrimalItemConsumable_Kibble_BoaEgg_AE,Kibble Boa Egg A E
/Game/Mods/AE/Items/Kibbles/PrimalItemConsumable_Kibble_Camelsaurus_AE.PrimalItemConsumable_Kibble_Camelsaurus_AE,Kibble Camelsaurus A E
/Game/Mods/AE/Items/Kibbles/PrimalItemConsumable_Kibble_CarnoEgg_AE.PrimalItemConsumable_Kibble_CarnoEgg_AE,Kibble Carno Egg A E
/Game/Mods/AE/Items/Kibbles/PrimalItemConsumable_Kibble_Compy_AE.PrimalItemConsumable_Kibble_Compy_AE,Kibble Compy A E
/Game/Mods/AE/Items/Kibbles/PrimalItemConsumable_Kibble_DiloEgg_AE.PrimalItemConsumable_Kibble_DiloEgg_AE,Kibble Dilo Egg A E
/Game/Mods/AE/Items/Kibbles/PrimalItemConsumable_Kibble_DimetroEgg_AE.PrimalItemConsumable_Kibble_DimetroEgg_AE,Kibble Dimetro Egg A E
/Game/Mods/AE/Items/Kibbles/PrimalItemConsumable_Kibble_DimorphEgg_AE.PrimalItemConsumable_Kibble_DimorphEgg_AE,Kibble Dimorph Egg A E
/Game/Mods/AE/Items/Kibbles/PrimalItemConsumable_Kibble_DiploEgg_AE.PrimalItemConsumable_Kibble_DiploEgg_AE,Kibble Diplo Egg A E
/Game/Mods/AE/Items/Kibbles/PrimalItemConsumable_Kibble_DodoEgg_AE.PrimalItemConsumable_Kibble_DodoEgg_AE,Kibble Dodo Egg A E
/Game/Mods/AE/Items/Kibbles/PrimalItemConsumable_Kibble_GalliEgg_AE.PrimalItemConsumable_Kibble_GalliEgg_AE,Kibble Galli Egg A E
/Game/Mods/AE/Items/Kibbles/PrimalItemConsumable_Kibble_HesperonisEgg_AE.PrimalItemConsumable_Kibble_HesperonisEgg_AE,Kibble Hesperonis Egg A E
/Game/Mods/AE/Items/Kibbles/PrimalItemConsumable_Kibble_IchthyornisEgg_AE.PrimalItemConsumable_Kibble_IchthyornisEgg_AE,Kibble Ichthyornis Egg A E
/Game/Mods/AE/Items/Kibbles/PrimalItemConsumable_Kibble_IguanodonEgg_AE.PrimalItemConsumable_Kibble_IguanodonEgg_AE,Kibble Iguanodon Egg A E
/Game/Mods/AE/Items/Kibbles/PrimalItemConsumable_Kibble_JugBug_AE.PrimalItemConsumable_Kibble_JugBug_AE,Kibble Jug Bug A E
/Game/Mods/AE/Items/Kibbles/PrimalItemConsumable_Kibble_KairukuEgg_AE.PrimalItemConsumable_Kibble_KairukuEgg_AE,Kibble Kairuku Egg A E
/Game/Mods/AE/Items/Kibbles/PrimalItemConsumable_Kibble_KaproEgg_AE.PrimalItemConsumable_Kibble_KaproEgg_AE,Kibble Kapro Egg A E
/Game/Mods/AE/Items/Kibbles/PrimalItemConsumable_Kibble_KentroEgg_AE.PrimalItemConsumable_Kibble_KentroEgg_AE,Kibble Kentro Egg A E
/Game/Mods/AE/Items/Kibbles/PrimalItemConsumable_Kibble_LystroEgg_AE.PrimalItemConsumable_Kibble_LystroEgg_AE,Kibble Lystro Egg A E
/Game/Mods/AE/Items/Kibbles/PrimalItemConsumable_Kibble_Mantis_AE.PrimalItemConsumable_Kibble_Mantis_AE,Kibble Mantis A E
/Game/Mods/AE/Items/Kibbles/PrimalItemConsumable_Kibble_Megalania_AE.PrimalItemConsumable_Kibble_Megalania_AE,Kibble Megalania A E
/Game/Mods/AE/Items/Kibbles/PrimalItemConsumable_Kibble_MegalosaurusEgg_AE.PrimalItemConsumable_Kibble_MegalosaurusEgg_AE,Kibble Megalosaurus Egg A E
/Game/Mods/AE/Items/Kibbles/PrimalItemConsumable_Kibble_MicroraptorEgg_AE.PrimalItemConsumable_Kibble_MicroraptorEgg_AE,Kibble Microraptor Egg A E
/Game/Mods/AE/Items/Kibbles/PrimalItemConsumable_Kibble_MoschopsEgg_AE.PrimalItemConsumable_Kibble_MoschopsEgg_AE,Kibble Moschops Egg A E
/Game/Mods/AE/Items/Kibbles/PrimalItemConsumable_Kibble_Moth_AE.PrimalItemConsumable_Kibble_Moth_AE,Kibble Moth A E
/Game/Mods/AE/Items/Kibbles/PrimalItemConsumable_Kibble_OviraptorEgg_AE.PrimalItemConsumable_Kibble_OviraptorEgg_AE,Kibble Oviraptor Egg A E
/Game/Mods/AE/Items/Kibbles/PrimalItemConsumable_Kibble_PachyEgg_AE.PrimalItemConsumable_Kibble_PachyEgg_AE,Kibble Pachy Egg A E
/Game/Mods/AE/Items/Kibbles/PrimalItemConsumable_Kibble_PachyRhinoEgg_AE.PrimalItemConsumable_Kibble_PachyRhinoEgg_AE,Kibble Pachy Rhino Egg A E
/Game/Mods/AE/Items/Kibbles/PrimalItemConsumable_Kibble_ParaEgg_AE.PrimalItemConsumable_Kibble_ParaEgg_AE,Kibble Para Egg A E
/Game/Mods/AE/Items/Kibbles/PrimalItemConsumable_Kibble_PegomastaxEgg_AE.PrimalItemConsumable_Kibble_PegomastaxEgg_AE,Kibble Pegomastax Egg A E
/Game/Mods/AE/Items/Kibbles/PrimalItemConsumable_Kibble_Pela_AE.PrimalItemConsumable_Kibble_Pela_AE,Kibble Pela A E
/Game/Mods/AE/Items/Kibbles/PrimalItemConsumable_Kibble_PteroEgg_AE.PrimalItemConsumable_Kibble_PteroEgg_AE,Kibble Ptero Egg A E
/Game/Mods/AE/Items/Kibbles/PrimalItemConsumable_Kibble_QuetzEgg_AE.PrimalItemConsumable_Kibble_QuetzEgg_AE,Kibble Quetz Egg A E
/Game/Mods/AE/Items/Kibbles/PrimalItemConsumable_Kibble_RaptorEgg_AE.PrimalItemConsumable_Kibble_RaptorEgg_AE,Kibble Raptor Egg A E
/Game/Mods/AE/Items/Kibbles/PrimalItemConsumable_Kibble_RexEgg_AE.PrimalItemConsumable_Kibble_RexEgg_AE,Kibble Rex Egg A E
/Game/Mods/AE/Items/Kibbles/PrimalItemConsumable_Kibble_SarcoEgg_AE.PrimalItemConsumable_Kibble_SarcoEgg_AE,Kibble Sarco Egg A E
/Game/Mods/AE/Items/Kibbles/PrimalItemConsumable_Kibble_SauroEgg_AE.PrimalItemConsumable_Kibble_SauroEgg_AE,Kibble Sauro Egg A E
/Game/Mods/AE/Items/Kibbles/PrimalItemConsumable_Kibble_ScorpionEgg_AE.PrimalItemConsumable_Kibble_ScorpionEgg_AE,Kibble Scorpion Egg A E
/Game/Mods/AE/Items/Kibbles/PrimalItemConsumable_Kibble_SpiderEgg_AE.PrimalItemConsumable_Kibble_SpiderEgg_AE,Kibble Spider Egg A E
/Game/Mods/AE/Items/Kibbles/PrimalItemConsumable_Kibble_SpineyLizard_AE.PrimalItemConsumable_Kibble_SpineyLizard_AE,Kibble Spiney Lizard A E
/Game/Mods/AE/Items/Kibbles/PrimalItemConsumable_Kibble_SpinoEgg_AE.PrimalItemConsumable_Kibble_SpinoEgg_AE,Kibble Spino Egg A E
/Game/Mods/AE/Items/Kibbles/PrimalItemConsumable_Kibble_StegoEgg_AE.PrimalItemConsumable_Kibble_StegoEgg_AE,Kibble Stego Egg A E
/Game/Mods/AE/Items/Kibbles/PrimalItemConsumable_Kibble_TapejaraEgg_AE.PrimalItemConsumable_Kibble_TapejaraEgg_AE,Kibble Tapejara Egg A E
/Game/Mods/AE/Items/Kibbles/PrimalItemConsumable_Kibble_TerrorbirdEgg_AE.PrimalItemConsumable_Kibble_TerrorbirdEgg_AE,Kibble Terrorbird Egg A E
/Game/Mods/AE/Items/Kibbles/PrimalItemConsumable_Kibble_TherizinoEgg_AE.PrimalItemConsumable_Kibble_TherizinoEgg_AE,Kibble Therizino Egg A E
/Game/Mods/AE/Items/Kibbles/PrimalItemConsumable_Kibble_TrikeEgg_AE.PrimalItemConsumable_Kibble_TrikeEgg_AE,Kibble Trike Egg A E
/Game/Mods/AE/Items/Kibbles/PrimalItemConsumable_Kibble_TroodonEgg_AE.PrimalItemConsumable_Kibble_TroodonEgg_AE,Kibble Troodon Egg A E
/Game/Mods/AE/Items/Kibbles/PrimalItemConsumable_Kibble_TurtleEgg_AE.PrimalItemConsumable_Kibble_TurtleEgg_AE,Kibble Turtle Egg A E
/Game/Mods/AE/Items/Kibbles/PrimalItemConsumable_Kibble_Vulture_AE.PrimalItemConsumable_Kibble_Vulture_AE,Kibble Vulture A E
/Game/Mods/AE/Items/Kibbles/PrimalItemConsumable_Kibble_VultureEgg_AE.PrimalItemConsumable_Kibble_VultureEgg_AE,Kibble Vulture Egg A E
/Game/Mods/AE/Items/LavaRock/PrimalItem_LavaRock.PrimalItem_LavaRock,Lava Rock
/Game/Mods/AE/Items/Matrixes/Ancient/PrimalItemConsumable_Matrix_Ancient_BigFoot.PrimalItemConsumable_Matrix_Ancient_BigFoot,Matrix Ancient Big Foot
/Game/Mods/AE/Items/Matrixes/Ancient/PrimalItemConsumable_Matrix_Ancient_Direbear.PrimalItemConsumable_Matrix_Ancient_Direbear,Matrix Ancient Direbear
/Game/Mods/AE/Items/Matrixes/Ancient/PrimalItemConsumable_Matrix_Ancient_DodoRex.PrimalItemConsumable_Matrix_Ancient_DodoRex,Matrix Ancient Dodo Rex
/Game/Mods/AE/Items/Matrixes/Ancient/PrimalItemConsumable_Matrix_Ancient_Gorilla.PrimalItemConsumable_Matrix_Ancient_Gorilla,Matrix Ancient Gorilla
/Game/Mods/AE/Items/Matrixes/Ancient/PrimalItemConsumable_Matrix_Ancient_Mammoth.PrimalItemConsumable_Matrix_Ancient_Mammoth,Matrix Ancient Mammoth
/Game/Mods/AE/Items/Matrixes/Ancient/PrimalItemConsumable_Matrix_Ancient_Manticore.PrimalItemConsumable_Matrix_Ancient_Manticore,Matrix Ancient Manticore
/Game/Mods/AE/Items/Matrixes/Ancient/PrimalItemConsumable_Matrix_Ancient_Quetz.PrimalItemConsumable_Matrix_Ancient_Quetz,Matrix Ancient Quetz
/Game/Mods/AE/Items/Matrixes/Ancient/PrimalItemConsumable_Matrix_Ancient_Rhino.PrimalItemConsumable_Matrix_Ancient_Rhino,Matrix Ancient Rhino
/Game/Mods/AE/Items/Matrixes/Darkstar/PrimalItemConsumable_Matrix_Darkstar.PrimalItemConsumable_Matrix_Darkstar,Matrix Darkstar
/Game/Mods/AE/Items/Matrixes/Eternity/PrimalItemConsumable_Matrix_Broodmother.PrimalItemConsumable_Matrix_Broodmother,Matrix Broodmother
/Game/Mods/AE/Items/Matrixes/Eternity/PrimalItemConsumable_Matrix_Manticore.PrimalItemConsumable_Matrix_Manticore,Matrix Manticore
/Game/Mods/AE/Items/Matrixes/EvolCompy/PrimalItemConsumable_Matrix_EvolCompy.PrimalItemConsumable_Matrix_EvolCompy,Matrix Evol Compy
/Game/Mods/AE/Items/Matrixes/Harbinger/PrimalItemConsumable_Matrix_Harbinger_Ankylo.PrimalItemConsumable_Matrix_Harbinger_Ankylo,Matrix Harbinger Ankylo
/Game/Mods/AE/Items/Matrixes/Harbinger/PrimalItemConsumable_Matrix_Harbinger_Beaver.PrimalItemConsumable_Matrix_Harbinger_Beaver,Matrix Harbinger Beaver
/Game/Mods/AE/Items/Matrixes/Harbinger/PrimalItemConsumable_Matrix_Harbinger_Doed.PrimalItemConsumable_Matrix_Harbinger_Doed,Matrix Harbinger Doed
/Game/Mods/AE/Items/Matrixes/Harbinger/PrimalItemConsumable_Matrix_Harbinger_Frog.PrimalItemConsumable_Matrix_Harbinger_Frog,Matrix Harbinger Frog
/Game/Mods/AE/Items/Matrixes/Harbinger/PrimalItemConsumable_Matrix_Harbinger_Pengiun.PrimalItemConsumable_Matrix_Harbinger_Pengiun,Matrix Harbinger Pengiun
/Game/Mods/AE/Items/Matrixes/Immortal/PrimalItemConsumable_Matrix_Bigfoot.PrimalItemConsumable_Matrix_Bigfoot,Matrix Bigfoot
/Game/Mods/AE/Items/Matrixes/Immortal/PrimalItemConsumable_Matrix_Giga.PrimalItemConsumable_Matrix_Giga,Matrix Giga
/Game/Mods/AE/Items/Matrixes/Immortal/PrimalItemConsumable_Matrix_Mammoth.PrimalItemConsumable_Matrix_Mammoth,Matrix Mammoth
/Game/Mods/AE/Items/Matrixes/Immortal/PrimalItemConsumable_Matrix_Rhino.PrimalItemConsumable_Matrix_Rhino,Matrix Rhino
/Game/Mods/AE/Items/Matrixes/Immortal/PrimalItemConsumable_Matrix_Wyvern.PrimalItemConsumable_Matrix_Wyvern,Matrix Wyvern
/Game/Mods/AE/Items/Matrixes/MatrixCore/PrimalItem_MatrixCore.PrimalItem_MatrixCore,Matrix Core
/Game/Mods/AE/Items/Matrixes/Other/PrimalItemConsumable_Matrix_Bacon_Overlord.PrimalItemConsumable_Matrix_Bacon_Overlord,Matrix Bacon Overlord
/Game/Mods/AE/Items/Matrixes/Other/PrimalItemConsumable_Matrix_Bionic_Giga.PrimalItemConsumable_Matrix_Bionic_Giga,Matrix Bionic Giga
/Game/Mods/AE/Items/Matrixes/Other/PrimalItemConsumable_Matrix_UndeadWyvern.PrimalItemConsumable_Matrix_UndeadWyvern,Matrix Undead Wyvern
/Game/Mods/AE/Items/Matrixes/VanillaBoss/BroodMother/PrimalItemConsumable_Matrix_BroodMotherEasy.PrimalItemConsumable_Matrix_BroodMotherEasy,Matrix Brood Mother Easy
/Game/Mods/AE/Items/Matrixes/VanillaBoss/BroodMother/PrimalItemConsumable_Matrix_BroodMotherHard.PrimalItemConsumable_Matrix_BroodMotherHard,Matrix Brood Mother Hard
/Game/Mods/AE/Items/Matrixes/VanillaBoss/BroodMother/PrimalItemConsumable_Matrix_BroodMotherMedium.PrimalItemConsumable_Matrix_BroodMotherMedium,Matrix Brood Mother Medium
/Game/Mods/AE/Items/Matrixes/VanillaBoss/Dragon/PrimalItemConsumable_Matrix_DragonBossEasy.PrimalItemConsumable_Matrix_DragonBossEasy,Matrix Dragon Boss Easy
/Game/Mods/AE/Items/Matrixes/VanillaBoss/Dragon/PrimalItemConsumable_Matrix_DragonBossHard.PrimalItemConsumable_Matrix_DragonBossHard,Matrix Dragon Boss Hard
/Game/Mods/AE/Items/Matrixes/VanillaBoss/Dragon/PrimalItemConsumable_Matrix_DragonBossMedium.PrimalItemConsumable_Matrix_DragonBossMedium,Matrix Dragon Boss Medium
/Game/Mods/AE/Items/Matrixes/VanillaBoss/Gorilla/PrimalItemConsumable_Matrix_GorillaEasy.PrimalItemConsumable_Matrix_GorillaEasy,Matrix Gorilla Easy
/Game/Mods/AE/Items/Matrixes/VanillaBoss/Gorilla/PrimalItemConsumable_Matrix_GorillaHard.PrimalItemConsumable_Matrix_GorillaHard,Matrix Gorilla Hard
/Game/Mods/AE/Items/Matrixes/VanillaBoss/Gorilla/PrimalItemConsumable_Matrix_GorillaMedium.PrimalItemConsumable_Matrix_GorillaMedium,Matrix Gorilla Medium
/Game/Mods/AE/Items/Matrixes/VanillaBoss/Manticore/PrimalItemConsumable_Matrix_ManticoreEasy.PrimalItemConsumable_Matrix_ManticoreEasy,Matrix Manticore Easy
/Game/Mods/AE/Items/Matrixes/VanillaBoss/Manticore/PrimalItemConsumable_Matrix_ManticoreHard.PrimalItemConsumable_Matrix_ManticoreHard,Matrix Manticore Hard
/Game/Mods/AE/Items/Matrixes/VanillaBoss/Manticore/PrimalItemConsumable_Matrix_ManticoreMedium.PrimalItemConsumable_Matrix_ManticoreMedium,Matrix Manticore Medium
/Game/Mods/AE/Items/Matrixes/VanillaBoss/Rockwell/PrimalItemConsumable_Matrix_RockwellEasy.PrimalItemConsumable_Matrix_RockwellEasy,Matrix Rockwell Easy
/Game/Mods/AE/Items/Matrixes/VanillaBoss/Rockwell/PrimalItemConsumable_Matrix_RockwellHard.PrimalItemConsumable_Matrix_RockwellHard,Matrix Rockwell Hard
/Game/Mods/AE/Items/Matrixes/VanillaBoss/Rockwell/PrimalItemConsumable_Matrix_RockwellMedium.PrimalItemConsumable_Matrix_RockwellMedium,Matrix Rockwell Medium
/Game/Mods/AE/Items/MysteriousElement/PrimalItem_MysteriousElement.PrimalItem_MysteriousElement,Mysterious Element
/Game/Mods/AE/Items/Potions/AgilityPotion/PrimalItemConsumable_AgilityPotion.PrimalItemConsumable_AgilityPotion,Agility Potion
/Game/Mods/AE/Items/Potions/CursedPotion/PrimalItemConsumable_CursedPotion.PrimalItemConsumable_CursedPotion,Cursed Potion
/Game/Mods/AE/Items/Potions/EvolutionPotion/PrimalItemConsumable_ElemEvoPotion.PrimalItemConsumable_ElemEvoPotion,Elem Evo Potion
/Game/Mods/AE/Items/Potions/ExperiencePotion/PrimalItemConsumable_ExperiencePotionHuge.PrimalItemConsumable_ExperiencePotionHuge,Experience Potion Huge
/Game/Mods/AE/Items/Potions/ExperiencePotion/PrimalItemConsumable_ExperiencePotionLarge.PrimalItemConsumable_ExperiencePotionLarge,Experience Potion Large
/Game/Mods/AE/Items/Potions/ExperiencePotion/PrimalItemConsumable_ExperiencePotionMedium.PrimalItemConsumable_ExperiencePotionMedium,Experience Potion Medium
/Game/Mods/AE/Items/Potions/ExperiencePotion/PrimalItemConsumable_ExperiencePotionSmall.PrimalItemConsumable_ExperiencePotionSmall,Experience Potion Small
/Game/Mods/AE/Items/Potions/ExperiencePotion/PrimalItemConsumable_ExperiencePotionTiny.PrimalItemConsumable_ExperiencePotionTiny,Experience Potion Tiny
/Game/Mods/AE/Items/Potions/FoodPotion/PrimalItemConsumable_FoodPotion.PrimalItemConsumable_FoodPotion,Food Potion
/Game/Mods/AE/Items/Potions/GrowupPotion/PrimalItemConsumable_GrowupPotion.PrimalItemConsumable_GrowupPotion,Growup Potion
/Game/Mods/AE/Items/Potions/InfernalPotion/PrimalItemConsumable_InfernalPotion.PrimalItemConsumable_InfernalPotion,Infernal Potion
/Game/Mods/AE/Items/Potions/PoisonEraser/PrimalItemConsumable_PoisonEraser.PrimalItemConsumable_PoisonEraser,Poison Eraser
/Game/Mods/AE/Items/Potions/RegPotion/PrimalItemConsumable_RegPotion.PrimalItemConsumable_RegPotion,Reg Potion
/Game/Mods/AE/Items/Potions/SedativePotion/PrimalItemConsumable_SedativePotion.PrimalItemConsumable_SedativePotion,Sedative Potion
/Game/Mods/AE/Items/Potions/SuicidePotion/PrimalItemConsumable_SuicidePotion.PrimalItemConsumable_SuicidePotion,Suicide Potion
/Game/Mods/AE/Items/Saddles/PrimalItemArmor_AEGriffinArmor.PrimalItemArmor_AEGriffinArmor,A E Griffin Armor
/Game/Mods/AE/Items/Saddles/PrimalItemArmor_AEMegalosaurusSaddle.PrimalItemArmor_AEMegalosaurusSaddle,A E Megalosaurus Saddle
/Game/Mods/AE/Items/Saddles/PrimalItemArmor_AESnakeArmor.PrimalItemArmor_AESnakeArmor,A E Snake Armor
/Game/Mods/AE/Items/Saddles/Alphas/PrimalItemArmor_Alpha_AlloSaddle.PrimalItemArmor_Alpha_AlloSaddle,Alpha Allo Saddle
/Game/Mods/AE/Items/Saddles/Alphas/PrimalItemArmor_Alpha_ArgentavisSaddle.PrimalItemArmor_Alpha_ArgentavisSaddle,Alpha Argentavis Saddle
/Game/Mods/AE/Items/Saddles/Alphas/PrimalItemArmor_Alpha_CarnoSaddle.PrimalItemArmor_Alpha_CarnoSaddle,Alpha Carno Saddle
/Game/Mods/AE/Items/Saddles/Alphas/PrimalItemArmor_Alpha_ChalicoSaddle.PrimalItemArmor_Alpha_ChalicoSaddle,Alpha Chalico Saddle
/Game/Mods/AE/Items/Saddles/Alphas/PrimalItemArmor_Alpha_DireBearSaddle.PrimalItemArmor_Alpha_DireBearSaddle,Alpha Dire Bear Saddle
/Game/Mods/AE/Items/Saddles/Alphas/PrimalItemArmor_Alpha_GigantSaddle.PrimalItemArmor_Alpha_GigantSaddle,Alpha Gigant Saddle
/Game/Mods/AE/Items/Saddles/Alphas/PrimalItemArmor_Alpha_IndomSaddle.PrimalItemArmor_Alpha_IndomSaddle,Alpha Indom Saddle
/Game/Mods/AE/Items/Saddles/Alphas/PrimalItemArmor_Alpha_KaproSaddle.PrimalItemArmor_Alpha_KaproSaddle,Alpha Kapro Saddle
/Game/Mods/AE/Items/Saddles/Alphas/PrimalItemArmor_Alpha_KentroSaddle.PrimalItemArmor_Alpha_KentroSaddle,Alpha Kentro Saddle
/Game/Mods/AE/Items/Saddles/Alphas/PrimalItemArmor_Alpha_MammothSaddle.PrimalItemArmor_Alpha_MammothSaddle,Alpha Mammoth Saddle
/Game/Mods/AE/Items/Saddles/Alphas/PrimalItemArmor_Alpha_MothSaddle.PrimalItemArmor_Alpha_MothSaddle,Alpha Moth Saddle
/Game/Mods/AE/Items/Saddles/Alphas/PrimalItemArmor_Alpha_PteroSaddle.PrimalItemArmor_Alpha_PteroSaddle,Alpha Ptero Saddle
/Game/Mods/AE/Items/Saddles/Alphas/PrimalItemArmor_Alpha_RaptorSaddle.PrimalItemArmor_Alpha_RaptorSaddle,Alpha Raptor Saddle
/Game/Mods/AE/Items/Saddles/Alphas/PrimalItemArmor_Alpha_RexSaddle.PrimalItemArmor_Alpha_RexSaddle,Alpha Rex Saddle
/Game/Mods/AE/Items/Saddles/Alphas/PrimalItemArmor_Alpha_RhinoSaddle.PrimalItemArmor_Alpha_RhinoSaddle,Alpha Rhino Saddle
/Game/Mods/AE/Items/Saddles/Alphas/PrimalItemArmor_Alpha_SaberSaddle.PrimalItemArmor_Alpha_SaberSaddle,Alpha Saber Saddle
/Game/Mods/AE/Items/Saddles/Alphas/PrimalItemArmor_Alpha_SarcoSaddle.PrimalItemArmor_Alpha_SarcoSaddle,Alpha Sarco Saddle
/Game/Mods/AE/Items/Saddles/Alphas/PrimalItemArmor_Alpha_SpinoSaddle.PrimalItemArmor_Alpha_SpinoSaddle,Alpha Spino Saddle
/Game/Mods/AE/Items/Saddles/Alphas/PrimalItemArmor_Alpha_TerrorBirdSaddle.PrimalItemArmor_Alpha_TerrorBirdSaddle,Alpha Terror Bird Saddle
/Game/Mods/AE/Items/Saddles/Alphas/PrimalItemArmor_Alpha_TherizinosaurusSaddle.PrimalItemArmor_Alpha_TherizinosaurusSaddle,Alpha Therizinosaurus Saddle
/Game/Mods/AE/Items/Saddles/Alphas/PrimalItemArmor_Alpha_ThylacoleoSaddle.PrimalItemArmor_Alpha_ThylacoleoSaddle,Alpha Thylacoleo Saddle
/Game/Mods/AE/Items/Saddles/Alphas/PrimalItemArmor_Alpha_ToadSaddle.PrimalItemArmor_Alpha_ToadSaddle,Alpha Toad Saddle
/Game/Mods/AE/Items/Saddles/Alphas/PrimalItemArmor_Alpha_WolfSaddle.PrimalItemArmor_Alpha_WolfSaddle,Alpha Wolf Saddle
/Game/Mods/AE/Items/Saddles/Alphas/PrimalItemArmor_Alpha_WyvernSaddle.PrimalItemArmor_Alpha_WyvernSaddle,Alpha Wyvern Saddle
/Game/Mods/AE/Items/Saddles/Alphas/PrimalItemArmor_AlphaMantisSaddle.PrimalItemArmor_AlphaMantisSaddle,Alpha Mantis Saddle
/Game/Mods/AE/Items/Scorched/Adobe/PrimalItemStructure_AdobeCeilingAE.PrimalItemStructure_AdobeCeilingAE,Adobe Ceiling A E
/Game/Mods/AE/Items/Scorched/Adobe/PrimalItemStructure_AdobeCeilingDoorGiantAE.PrimalItemStructure_AdobeCeilingDoorGiantAE,Adobe Ceiling Door Giant A E
/Game/Mods/AE/Items/Scorched/Adobe/PrimalItemStructure_AdobeCeilingWithDoorWay_GiantAE.PrimalItemStructure_AdobeCeilingWithDoorWay_GiantAE,Adobe Ceiling With Door Way Giant A E
/Game/Mods/AE/Items/Scorched/Adobe/PrimalItemStructure_AdobeCeilingWithTrapdoorAE.PrimalItemStructure_AdobeCeilingWithTrapdoorAE,Adobe Ceiling With Trapdoor A E
/Game/Mods/AE/Items/Scorched/Adobe/PrimalItemStructure_AdobeDoorAE.PrimalItemStructure_AdobeDoorAE,Adobe Door A E
/Game/Mods/AE/Items/Scorched/Adobe/PrimalItemStructure_AdobeFenceFoundationAE.PrimalItemStructure_AdobeFenceFoundationAE,Adobe Fence Foundation A E
/Game/Mods/AE/Items/Scorched/Adobe/PrimalItemStructure_AdobeFloorAE.PrimalItemStructure_AdobeFloorAE,Adobe Floor A E
/Game/Mods/AE/Items/Scorched/Adobe/PrimalItemStructure_AdobeFrameGateAE.PrimalItemStructure_AdobeFrameGateAE,Adobe Frame Gate A E
/Game/Mods/AE/Items/Scorched/Adobe/PrimalItemStructure_AdobeGateDoor_LargeAE.PrimalItemStructure_AdobeGateDoor_LargeAE,Adobe Gate Door Large A E
/Game/Mods/AE/Items/Scorched/Adobe/PrimalItemStructure_AdobeGateDoorAE.PrimalItemStructure_AdobeGateDoorAE,Adobe Gate Door A E
/Game/Mods/AE/Items/Scorched/Adobe/PrimalItemStructure_AdobeGateframe_LargeAE.PrimalItemStructure_AdobeGateframe_LargeAE,Adobe Gateframe Large A E
/Game/Mods/AE/Items/Scorched/Adobe/PrimalItemStructure_AdobeLadderAE.PrimalItemStructure_AdobeLadderAE,Adobe Ladder A E
/Game/Mods/AE/Items/Scorched/Adobe/PrimalItemStructure_AdobePillarAE.PrimalItemStructure_AdobePillarAE,Adobe Pillar A E
/Game/Mods/AE/Items/Scorched/Adobe/PrimalItemStructure_AdobeRailingAE.PrimalItemStructure_AdobeRailingAE,Adobe Railing A E
/Game/Mods/AE/Items/Scorched/Adobe/PrimalItemStructure_AdobeRampAE.PrimalItemStructure_AdobeRampAE,Adobe Ramp A E
/Game/Mods/AE/Items/Scorched/Adobe/PrimalItemStructure_AdobeRoofAE.PrimalItemStructure_AdobeRoofAE,Adobe Roof A E
/Game/Mods/AE/Items/Scorched/Adobe/PrimalItemStructure_AdobeStaircaseAE.PrimalItemStructure_AdobeStaircaseAE,Adobe Staircase A E
/Game/Mods/AE/Items/Scorched/Adobe/PrimalItemStructure_AdobeTrapdoorAE.PrimalItemStructure_AdobeTrapdoorAE,Adobe Trapdoor A E
/Game/Mods/AE/Items/Scorched/Adobe/PrimalItemStructure_AdobeWall_Sloped_LeftAE.PrimalItemStructure_AdobeWall_Sloped_LeftAE,Adobe Wall Sloped Left A E
/Game/Mods/AE/Items/Scorched/Adobe/PrimalItemStructure_AdobeWall_Sloped_RightAE.PrimalItemStructure_AdobeWall_Sloped_RightAE,Adobe Wall Sloped Right A E
/Game/Mods/AE/Items/Scorched/Adobe/PrimalItemStructure_AdobeWallAE.PrimalItemStructure_AdobeWallAE,Adobe Wall A E
/Game/Mods/AE/Items/Scorched/Adobe/PrimalItemStructure_AdobeWallWithDoorAE.PrimalItemStructure_AdobeWallWithDoorAE,Adobe Wall With Door A E
/Game/Mods/AE/Items/Scorched/Adobe/PrimalItemStructure_AdobeWallWithWindowAE.PrimalItemStructure_AdobeWallWithWindowAE,Adobe Wall With Window A E
/Game/Mods/AE/Items/Scorched/Adobe/PrimalItemStructure_AdobeWindowAE.PrimalItemStructure_AdobeWindowAE,Adobe Window A E
/Game/Mods/AE/Items/Scorched/Items/PrimalItem_ChainSaw_AE.PrimalItem_ChainSaw_AE,Chain Saw A E
/Game/Mods/AE/Items/Scorched/Items/PrimalItem_WeapFlamethrower_AE.PrimalItem_WeapFlamethrower_AE,Weap Flamethrower A E
/Game/Mods/AE/Items/Scorched/Items/PrimalItem_WeaponBoomerang_AE.PrimalItem_WeaponBoomerang_AE,Weapon Boomerang A E
/Game/Mods/AE/Items/Scorched/Items/PrimalItem_WeaponClusterGrenade_AE.PrimalItem_WeaponClusterGrenade_AE,Weapon Cluster Grenade A E
/Game/Mods/AE/Items/Scorched/Items/PrimalItem_WeaponElectronicBinoculars_AE.PrimalItem_WeaponElectronicBinoculars_AE,Weapon Electronic Binoculars A E
/Game/Mods/AE/Items/Scorched/Items/PrimalItem_WeaponNetGun_AE.PrimalItem_WeaponNetGun_AE,Weapon Net Gun A E
/Game/Mods/AE/Items/Scorched/Items/PrimalItem_WeaponOilJar_AE.PrimalItem_WeaponOilJar_AE,Weapon Oil Jar A E
/Game/Mods/AE/Items/Scorched/Items/PrimalItem_WeaponWhip_AE.PrimalItem_WeaponWhip_AE,Weapon Whip A E
/Game/Mods/AE/Items/Scorched/Items/PrimalItemAmmo_ArrowFlame_AE.PrimalItemAmmo_ArrowFlame_AE,Arrow Flame A E
/Game/Mods/AE/Items/Scorched/Items/PrimalItemAmmo_Flamethrower_AE.PrimalItemAmmo_Flamethrower_AE,Flamethrower A E
/Game/Mods/AE/Items/Scorched/Items/PrimalItemAmmo_NetGun_AE.PrimalItemAmmo_NetGun_AE,Net Gun A E
/Game/Mods/AE/Items/Scorched/Items/PrimalItemAmmo_RocketHomingMissile_AE.PrimalItemAmmo_RocketHomingMissile_AE,Rocket Homing Missile A E
/Game/Mods/AE/Items/Scorched/Items/PrimalItemArmor_DesertClothBoots_AE.PrimalItemArmor_DesertClothBoots_AE,Desert Cloth Boots A E
/Game/Mods/AE/Items/Scorched/Items/PrimalItemArmor_DesertClothGloves_AE.PrimalItemArmor_DesertClothGloves_AE,Desert Cloth Gloves A E
/Game/Mods/AE/Items/Scorched/Items/PrimalItemArmor_DesertClothGogglesHelmet_AE.PrimalItemArmor_DesertClothGogglesHelmet_AE,Desert Cloth Goggles Helmet A E
/Game/Mods/AE/Items/Scorched/Items/PrimalItemArmor_DesertClothPants_AE.PrimalItemArmor_DesertClothPants_AE,Desert Cloth Pants A E
/Game/Mods/AE/Items/Scorched/Items/PrimalItemArmor_DesertClothShirt_AE.PrimalItemArmor_DesertClothShirt_AE,Desert Cloth Shirt A E
/Game/Mods/AE/Items/Scorched/Resources/PrimalItemConsumable_Seed_PlantSpeciesY_AE.PrimalItemConsumable_Seed_PlantSpeciesY_AE,Seed Plant Species Y A E
/Game/Mods/AE/Items/Scorched/Resources/PrimalItemResource_CactusSapAE.PrimalItemResource_CactusSapAE,Cactus Sap A E
/Game/Mods/AE/Items/Scorched/Resources/PrimalItemResource_RareFlowerAE.PrimalItemResource_RareFlowerAE,Rare Flower A E
/Game/Mods/AE/Items/Scorched/Resources/PrimalItemResource_RareMushroomAE.PrimalItemResource_RareMushroomAE,Rare Mushroom A E
/Game/Mods/AE/Items/Scorched/Resources/PrimalItemResource_RawSaltAE.PrimalItemResource_RawSaltAE,Raw Salt A E
/Game/Mods/AE/Items/Scorched/Resources/PrimalItemResource_SandAE.PrimalItemResource_SandAE,Sand A E
/Game/Mods/AE/Items/Scorched/Resources/PrimalItemResource_SilkAE.PrimalItemResource_SilkAE,Silk A E
/Game/Mods/AE/Items/Scorched/Resources/PrimalItemResource_SulfurAE.PrimalItemResource_SulfurAE,Sulfur A E
/Game/Mods/AE/Items/Scorched/Saddles/PrimalItemArmor_CamelsaurusSaddle_AESE.PrimalItemArmor_CamelsaurusSaddle_AESE,Camelsaurus Saddle A E S E
/Game/Mods/AE/Items/Scorched/Saddles/PrimalItemArmor_MantisSaddle_AESE.PrimalItemArmor_MantisSaddle_AESE,Mantis Saddle A E S E
/Game/Mods/AE/Items/Scorched/Saddles/PrimalItemArmor_MothSaddle_AESE.PrimalItemArmor_MothSaddle_AESE,Moth Saddle A E S E
/Game/Mods/AE/Items/Scorched/Saddles/PrimalItemArmor_RockGolemSaddle_AESE.PrimalItemArmor_RockGolemSaddle_AESE,Rock Golem Saddle A E S E
/Game/Mods/AE/Items/Scorched/Saddles/PrimalItemArmor_SpineyLizardSaddle_AESE.PrimalItemArmor_SpineyLizardSaddle_AESE,Spiney Lizard Saddle A E S E
/Game/Mods/AE/Items/Scorched/Structures/PrimalItemStructure_Mirror_AE.PrimalItemStructure_Mirror_AE,Mirror A E
/Game/Mods/AE/Items/Scorched/Structures/PrimalItemStructure_oilPump_AE.PrimalItemStructure_oilPump_AE,oil Pump A E
/Game/Mods/AE/Items/Scorched/Structures/PrimalItemStructure_PlantSpeciesYTrap_AE.PrimalItemStructure_PlantSpeciesYTrap_AE,Plant Species Y Trap A E
/Game/Mods/AE/Items/Scorched/Structures/PrimalItemStructure_Tent_AE.PrimalItemStructure_Tent_AE,Tent A E
/Game/Mods/AE/Items/Scorched/Structures/PrimalItemStructure_Vessel_AE.PrimalItemStructure_Vessel_AE,Vessel A E
/Game/Mods/AE/Items/Scorched/Structures/PrimalItemStructure_WaterWell_AE.PrimalItemStructure_WaterWell_AE,Water Well A E
/Game/Mods/AE/Items/Scorched/Structures/PrimalItemStructure_WindTurbine_AE.PrimalItemStructure_WindTurbine_AE,Wind Turbine A E
/Game/Mods/AE/Items/Souls/PrimalItem_AscendedOneSoul.PrimalItem_AscendedOneSoul,Ascended One Soul
/Game/Mods/AE/Items/Souls/PrimalItem_AscendedOneSoul_BigFoot.PrimalItem_AscendedOneSoul_BigFoot,Ascended One Soul Big Foot
/Game/Mods/AE/Items/Souls/PrimalItem_AscendedOneSoul_Gigant.PrimalItem_AscendedOneSoul_Gigant,Ascended One Soul Gigant
/Game/Mods/AE/Items/Souls/PrimalItem_AscendedOneSoul_Mammoth.PrimalItem_AscendedOneSoul_Mammoth,Ascended One Soul Mammoth
/Game/Mods/AE/Items/Souls/PrimalItem_AscendedOneSoul_Rhino.PrimalItem_AscendedOneSoul_Rhino,Ascended One Soul Rhino
/Game/Mods/AE/Items/Souls/PrimalItem_AscendedOneSoul_Wyvern.PrimalItem_AscendedOneSoul_Wyvern,Ascended One Soul Wyvern
/Game/Mods/AE/Items/Tokens/PrimalItem_Token.PrimalItem_Token,Token
/Game/Mods/AE/Items/Tools/AETekRifle/PrimalItem_AETekRifle.PrimalItem_AETekRifle,A E Tek Rifle
/Game/Mods/AE/Items/Tools/Arrows/CarbonElecArrow/PrimalItemAmmo_CarbonElecArrow.PrimalItemAmmo_CarbonElecArrow,Carbon Elec Arrow
/Game/Mods/AE/Items/Tools/Arrows/CarbonPoisonArrow/PrimalItemAmmo_CarbonPoisonArrow.PrimalItemAmmo_CarbonPoisonArrow,Carbon Poison Arrow
/Game/Mods/AE/Items/Tools/Arrows/CrystalArrow/PrimalItemAmmo_CrystalPoisonArrow.PrimalItemAmmo_CrystalPoisonArrow,Crystal Poison Arrow
/Game/Mods/AE/Items/Tools/Arrows/PoisonArrow/PrimalItemAmmo_PoisonArrow.PrimalItemAmmo_PoisonArrow,Poison Arrow
/Game/Mods/AE/Items/Tools/Arrows/PoisonDart/PrimalItemAmmo_PoisonDart.PrimalItemAmmo_PoisonDart,Poison Dart
/Game/Mods/AE/Items/Tools/EternalHatchet/PrimalItem_WeaponEternalHatchet.PrimalItem_WeaponEternalHatchet,Weapon Eternal Hatchet
/Game/Mods/AE/Items/Tools/EternalPick/PrimalItem_WeaponEternalPick.PrimalItem_WeaponEternalPick,Weapon Eternal Pick
/Game/Mods/AE/Items/Tools/EternalPike/PrimalItem_WeaponEternalPike.PrimalItem_WeaponEternalPike,Weapon Eternal Pike
/Game/Mods/AE/Items/Tools/EternalSickle/PrimalItem_WeaponEternalSickle.PrimalItem_WeaponEternalSickle,Weapon Eternal Sickle
/Game/Mods/AE/Items/Tools/EternalSword/PrimalItem_WeaponEternalSword.PrimalItem_WeaponEternalSword,Weapon Eternal Sword
/Game/Mods/AE/Items/Tools/Grapple/PrimalItemAmmo_Grapple.PrimalItemAmmo_Grapple,Grapple
/Game/Mods/AE/Items/Tools/PoisonPike/PrimalItem_WeaponPoisonPike.PrimalItem_WeaponPoisonPike,Weapon Poison Pike
/Game/Mods/AE/Items/Tools/TekRifle/PrimalItem_TekRifle_AE.PrimalItem_TekRifle_AE,Tek Rifle A E
/Game/Mods/AE/Items/Tools/TekRifle/AE_Damage/PrimalItemAmmo_TekRifle_Eternal.PrimalItemAmmo_TekRifle_Eternal,Tek Rifle Eternal
/Game/Mods/AE/Items/Tools/TekRifle/AE_Stun/PrimalItemAmmo_TekRifle_Stun.PrimalItemAmmo_TekRifle_Stun,Tek Rifle Stun
/Game/Mods/AE/Items/Tools/TekRifle/AE_Tranq/PrimalItemAmmo_TekRifle_Tranq.PrimalItemAmmo_TekRifle_Tranq,Tek Rifle Tranq
/Game/Mods/AE/Items/Unlock/PrimalItemConsumable_Eternal_Unlock_Aberration.PrimalItemConsumable_Eternal_Unlock_Aberration,Eternal Unlock Aberration
/Game/Mods/AE/Items/Unlock/PrimalItemConsumable_Eternal_Unlock_Achievments.PrimalItemConsumable_Eternal_Unlock_Achievments,Eternal Unlock Achievments
/Game/Mods/AE/Items/Unlock/PrimalItemConsumable_Eternal_Unlock_notes.PrimalItemConsumable_Eternal_Unlock_notes,Eternal Unlock notes
/Game/Mods/AE/Items/Unlock/PrimalItemConsumable_Eternal_Unlock_Scorched.PrimalItemConsumable_Eternal_Unlock_Scorched,Eternal Unlock Scorched
/Game/Mods/AE/Items/Unlock/PrimalItemConsumable_Eternal_Unlock_Tek.PrimalItemConsumable_Eternal_Unlock_Tek,Eternal Unlock Tek
/Game/Mods/AE/Items/Unlock/PrimalItemConsumable_Eternal_Unlock_Vanilla.PrimalItemConsumable_Eternal_Unlock_Vanilla,Eternal Unlock Vanilla
/Game/Mods/AE/Items/ZomWyvernBrain/PrimalItem_ZomWyvernBrain.PrimalItem_ZomWyvernBrain,Zom Wyvern Brain
/Game/Mods/AE/PrimalEarth/CoreBlueprints/Items/Consumables/PrimalItemConsumable_Kibble_HesperonisEgg.PrimalItemConsumable_Kibble_HesperonisEgg,Kibble Hesperonis Egg
/Game/Mods/AE/PrimalEarth/Test/PrimalItemConsumable_Egg_Arthro.PrimalItemConsumable_Egg_Arthro,Egg Arthro
/Game/Mods/AE/PrimalEarth/Test/PrimalItemConsumable_Egg_Diplocaulus.PrimalItemConsumable_Egg_Diplocaulus,Egg Diplocaulus
/Game/Mods/AE/ScorchedEarth/Dinos/JugBug/PrimalItemConsumable_Kibble_JugBug.PrimalItemConsumable_Kibble_JugBug,Kibble Jug Bug
/Game/Mods/AE/ScorchedEarth/Dinos/Vulture/PrimalItemConsumable_Kibble_VultureEgg.PrimalItemConsumable_Kibble_VultureEgg,Kibble Vulture Egg
/Game/Mods/AE/ScorchedEarth/WeaponElectronicBinoculars/PrimalItem_WeaponElectronicBinoculars.PrimalItem_WeaponElectronicBinoculars,Weapon Electronic Binoculars
/Game/Mods/AE/ScorchedEarth/WeaponNetGun/PrimalItem_WeaponNetGun.PrimalItem_WeaponNetGun,Weapon Net Gun
/Game/Mods/AE/ScorchedEarth/WeaponNetGun/PrimalItemAmmo_NetGun.PrimalItemAmmo_NetGun,Net Gun
/Game/Mods/AE/Structures/Craftstation/PrimalItemStructure_AEBench.PrimalItemStructure_AEBench,A E Bench
/Game/Mods/AE/Structures/EBSummoner/PrimalItem_Note_BossSummoner.PrimalItem_Note_BossSummoner,Note Boss Summoner
/Game/Mods/AE/Structures/EBSummoner/PrimalItemStructure_EBSummoner.PrimalItemStructure_EBSummoner,E B Summoner
/Game/Mods/AE/Structures/EternalForge/PrimalItemStructure_EternalIndustrialForge.PrimalItemStructure_EternalIndustrialForge,Eternal Industrial Forge
/Game/Mods/AE/Structures/EternalGodShrine/PrimalItemConsumable_MulticraftItem_EternalGodShrine.PrimalItemConsumable_MulticraftItem_EternalGodShrine,Multicraft Item Eternal God Shrine
/Game/Mods/AE/Structures/EternalGodShrine/PrimalItemStructure_EternalGodShrine.PrimalItemStructure_EternalGodShrine,Eternal God Shrine
/Game/Mods/AE/Structures/EternalGodShrine/LesserShrines/AnglerGel/PrimalItemConsumable_MulticraftItem_LGS_Gel.PrimalItemConsumable_MulticraftItem_LGS_Gel,Multicraft Item L G S Gel
/Game/Mods/AE/Structures/EternalGodShrine/LesserShrines/AnglerGel/PrimalItemStructure_LGS_Gel.PrimalItemStructure_LGS_Gel,L G S Gel
/Game/Mods/AE/Structures/EternalGodShrine/LesserShrines/Beer/PrimalItemConsumable_MulticraftItem_LGS_Beer.PrimalItemConsumable_MulticraftItem_LGS_Beer,Multicraft Item L G S Beer
/Game/Mods/AE/Structures/EternalGodShrine/LesserShrines/Beer/PrimalItemStructure_LGS_Beer.PrimalItemStructure_LGS_Beer,L G S Beer
/Game/Mods/AE/Structures/EternalGodShrine/LesserShrines/BioToxin/PrimalItemConsumable_MulticraftItem_LGS_BioToxin.PrimalItemConsumable_MulticraftItem_LGS_BioToxin,Multicraft Item L G S Bio Toxin
/Game/Mods/AE/Structures/EternalGodShrine/LesserShrines/BioToxin/PrimalItemStructure_LGS_BioToxin.PrimalItemStructure_LGS_BioToxin,L G S Bio Toxin
/Game/Mods/AE/Structures/EternalGodShrine/LesserShrines/BlackPearl/PrimalItemConsumable_MulticraftItem_LGS_BlackPearl.PrimalItemConsumable_MulticraftItem_LGS_BlackPearl,Multicraft Item L G S Black Pearl
/Game/Mods/AE/Structures/EternalGodShrine/LesserShrines/BlackPearl/PrimalItemStructure_LGS_BlackPearl.PrimalItemStructure_LGS_BlackPearl,L G S Black Pearl
/Game/Mods/AE/Structures/EternalGodShrine/LesserShrines/CementingPaste/PrimalItemConsumable_MulticraftItem_LGS_CementingPaste.PrimalItemConsumable_MulticraftItem_LGS_CementingPaste,Multicraft Item L G S Cementing Paste
/Game/Mods/AE/Structures/EternalGodShrine/LesserShrines/CementingPaste/PrimalItemStructure_LGS_CementingPaste.PrimalItemStructure_LGS_CementingPaste,L G S Cementing Paste
/Game/Mods/AE/Structures/EternalGodShrine/LesserShrines/Charcoal/PrimalItemConsumable_MulticraftItem_LGS_Charcoal.PrimalItemConsumable_MulticraftItem_LGS_Charcoal,Multicraft Item L G S Charcoal
/Game/Mods/AE/Structures/EternalGodShrine/LesserShrines/Charcoal/PrimalItemStructure_LGS_Charcoal.PrimalItemStructure_LGS_Charcoal,L G S Charcoal
/Game/Mods/AE/Structures/EternalGodShrine/LesserShrines/Chitin/PrimalItemConsumable_MulticraftItem_LGS_Chitin.PrimalItemConsumable_MulticraftItem_LGS_Chitin,Multicraft Item L G S Chitin
/Game/Mods/AE/Structures/EternalGodShrine/LesserShrines/Chitin/PrimalItemStructure_LGS_Chitin.PrimalItemStructure_LGS_Chitin,L G S Chitin
/Game/Mods/AE/Structures/EternalGodShrine/LesserShrines/Crystal/PrimalItemConsumable_MulticraftItem_LGS_Crystal.PrimalItemConsumable_MulticraftItem_LGS_Crystal,Multicraft Item L G S Crystal
/Game/Mods/AE/Structures/EternalGodShrine/LesserShrines/Crystal/PrimalItemStructure_LGS_Crystal.PrimalItemStructure_LGS_Crystal,L G S Crystal
/Game/Mods/AE/Structures/EternalGodShrine/LesserShrines/DinoBlood/PrimalItemConsumable_MulticraftItem_LGS_DinoBlood.PrimalItemConsumable_MulticraftItem_LGS_DinoBlood,Multicraft Item L G S Dino Blood
/Game/Mods/AE/Structures/EternalGodShrine/LesserShrines/DinoBlood/PrimalItemStructure_LGS_DinoBlood.PrimalItemStructure_LGS_DinoBlood,L G S Dino Blood
/Game/Mods/AE/Structures/EternalGodShrine/LesserShrines/DinoDNA/PrimalItemConsumable_MulticraftItem_LGS_DinoDNA.PrimalItemConsumable_MulticraftItem_LGS_DinoDNA,Multicraft Item L G S Dino D N A
/Game/Mods/AE/Structures/EternalGodShrine/LesserShrines/DinoDNA/PrimalItemStructure_LGS_DinoDNA.PrimalItemStructure_LGS_DinoDNA,L G S Dino D N A
/Game/Mods/AE/Structures/EternalGodShrine/LesserShrines/DinoHeart/PrimalItemConsumable_MulticraftItem_LGS_DinoHeart.PrimalItemConsumable_MulticraftItem_LGS_DinoHeart,Multicraft Item L G S Dino Heart
/Game/Mods/AE/Structures/EternalGodShrine/LesserShrines/DinoHeart/PrimalItemStructure_LGS_DinoHeart.PrimalItemStructure_LGS_DinoHeart,L G S Dino Heart
/Game/Mods/AE/Structures/EternalGodShrine/LesserShrines/Electronics/PrimalItemConsumable_MulticraftItem_LGS_Electronics.PrimalItemConsumable_MulticraftItem_LGS_Electronics,Multicraft Item L G S Electronics
/Game/Mods/AE/Structures/EternalGodShrine/LesserShrines/Electronics/PrimalItemStructure_LGS_Electronics.PrimalItemStructure_LGS_Electronics,L G S Electronics
/Game/Mods/AE/Structures/EternalGodShrine/LesserShrines/Element/PrimalItemConsumable_MulticraftItem_LGS_Element.PrimalItemConsumable_MulticraftItem_LGS_Element,Multicraft Item L G S Element
/Game/Mods/AE/Structures/EternalGodShrine/LesserShrines/Element/PrimalItemStructure_LGS_Element.PrimalItemStructure_LGS_Element,L G S Element
/Game/Mods/AE/Structures/EternalGodShrine/LesserShrines/Fiber/PrimalItemConsumable_MulticraftItem_LGS_Fiber.PrimalItemConsumable_MulticraftItem_LGS_Fiber,Multicraft Item L G S Fiber
/Game/Mods/AE/Structures/EternalGodShrine/LesserShrines/Fiber/PrimalItemStructure_LGS_Fiber.PrimalItemStructure_LGS_Fiber,L G S Fiber
/Game/Mods/AE/Structures/EternalGodShrine/LesserShrines/Flint/PrimalItemConsumable_MulticraftItem_LGS_Flint.PrimalItemConsumable_MulticraftItem_LGS_Flint,Multicraft Item L G S Flint
/Game/Mods/AE/Structures/EternalGodShrine/LesserShrines/Flint/PrimalItemStructure_LGS_Flint.PrimalItemStructure_LGS_Flint,L G S Flint
/Game/Mods/AE/Structures/EternalGodShrine/LesserShrines/Gasoline/PrimalItemConsumable_MulticraftItem_LGS_Gasoline.PrimalItemConsumable_MulticraftItem_LGS_Gasoline,Multicraft Item L G S Gasoline
/Game/Mods/AE/Structures/EternalGodShrine/LesserShrines/Gasoline/PrimalItemStructure_LGS_Gasoline.PrimalItemStructure_LGS_Gasoline,L G S Gasoline
/Game/Mods/AE/Structures/EternalGodShrine/LesserShrines/Gunpowder/PrimalItemConsumable_MulticraftItem_LGS_Gunpowder.PrimalItemConsumable_MulticraftItem_LGS_Gunpowder,Multicraft Item L G S Gunpowder
/Game/Mods/AE/Structures/EternalGodShrine/LesserShrines/Gunpowder/PrimalItemStructure_LGS_Gunpowder.PrimalItemStructure_LGS_Gunpowder,L G S Gunpowder
/Game/Mods/AE/Structures/EternalGodShrine/LesserShrines/Hair/PrimalItemConsumable_MulticraftItem_LGS_Hair.PrimalItemConsumable_MulticraftItem_LGS_Hair,Multicraft Item L G S Hair
/Game/Mods/AE/Structures/EternalGodShrine/LesserShrines/Hair/PrimalItemStructure_LGS_Hair.PrimalItemStructure_LGS_Hair,L G S Hair
/Game/Mods/AE/Structures/EternalGodShrine/LesserShrines/Hide/PrimalItemConsumable_MulticraftItem_LGS_Hide.PrimalItemConsumable_MulticraftItem_LGS_Hide,Multicraft Item L G S Hide
/Game/Mods/AE/Structures/EternalGodShrine/LesserShrines/Hide/PrimalItemStructure_LGS_Hide.PrimalItemStructure_LGS_Hide,L G S Hide
/Game/Mods/AE/Structures/EternalGodShrine/LesserShrines/Honey/PrimalItemConsumable_MulticraftItem_LGS_Honey.PrimalItemConsumable_MulticraftItem_LGS_Honey,Multicraft Item L G S Honey
/Game/Mods/AE/Structures/EternalGodShrine/LesserShrines/Honey/PrimalItemStructure_LGS_Honey.PrimalItemStructure_LGS_Honey,L G S Honey
/Game/Mods/AE/Structures/EternalGodShrine/LesserShrines/Keratin/PrimalItemConsumable_MulticraftItem_LGS_Keratin.PrimalItemConsumable_MulticraftItem_LGS_Keratin,Multicraft Item L G S Keratin
/Game/Mods/AE/Structures/EternalGodShrine/LesserShrines/Keratin/PrimalItemStructure_LGS_Keratin.PrimalItemStructure_LGS_Keratin,L G S Keratin
/Game/Mods/AE/Structures/EternalGodShrine/LesserShrines/LeechBlood/PrimalItemConsumable_MulticraftItem_LGS_LeechBlood.PrimalItemConsumable_MulticraftItem_LGS_LeechBlood,Multicraft Item L G S Leech Blood
/Game/Mods/AE/Structures/EternalGodShrine/LesserShrines/LeechBlood/PrimalItemStructure_LGS_LeechBlood.PrimalItemStructure_LGS_LeechBlood,L G S Leech Blood
/Game/Mods/AE/Structures/EternalGodShrine/LesserShrines/Metal/PrimalItemConsumable_MulticraftItem_LGS_Metal.PrimalItemConsumable_MulticraftItem_LGS_Metal,Multicraft Item L G S Metal
/Game/Mods/AE/Structures/EternalGodShrine/LesserShrines/Metal/PrimalItemStructure_LGS_Metal.PrimalItemStructure_LGS_Metal,L G S Metal
/Game/Mods/AE/Structures/EternalGodShrine/LesserShrines/MetalIngot/PrimalItemConsumable_MulticraftItem_LGS_MetalIngot.PrimalItemConsumable_MulticraftItem_LGS_MetalIngot,Multicraft Item L G S Metal Ingot
/Game/Mods/AE/Structures/EternalGodShrine/LesserShrines/MetalIngot/PrimalItemStructure_LGS_MetalIngot.PrimalItemStructure_LGS_MetalIngot,L G S Metal Ingot
/Game/Mods/AE/Structures/EternalGodShrine/LesserShrines/Obsidian/PrimalItemConsumable_MulticraftItem_LGS_Obsidian.PrimalItemConsumable_MulticraftItem_LGS_Obsidian,Multicraft Item L G S Obsidian
/Game/Mods/AE/Structures/EternalGodShrine/LesserShrines/Obsidian/PrimalItemStructure_LGS_Obsidian.PrimalItemStructure_LGS_Obsidian,L G S Obsidian
/Game/Mods/AE/Structures/EternalGodShrine/LesserShrines/Oil/PrimalItemConsumable_MulticraftItem_LGS_Oil.PrimalItemConsumable_MulticraftItem_LGS_Oil,Multicraft Item L G S Oil
/Game/Mods/AE/Structures/EternalGodShrine/LesserShrines/Oil/PrimalItemStructure_LGS_Oil.PrimalItemStructure_LGS_Oil,L G S Oil
/Game/Mods/AE/Structures/EternalGodShrine/LesserShrines/Pelt/PrimalItemConsumable_MulticraftItem_LGS_Pelt.PrimalItemConsumable_MulticraftItem_LGS_Pelt,Multicraft Item L G S Pelt
/Game/Mods/AE/Structures/EternalGodShrine/LesserShrines/Pelt/PrimalItemStructure_LGS_Pelt.PrimalItemStructure_LGS_Pelt,L G S Pelt
/Game/Mods/AE/Structures/EternalGodShrine/LesserShrines/Polymer/PrimalItemConsumable_MulticraftItem_LGS_Polymer.PrimalItemConsumable_MulticraftItem_LGS_Polymer,Multicraft Item L G S Polymer
/Game/Mods/AE/Structures/EternalGodShrine/LesserShrines/Polymer/PrimalItemStructure_LGS_Polymer.PrimalItemStructure_LGS_Polymer,L G S Polymer
/Game/Mods/AE/Structures/EternalGodShrine/LesserShrines/RareFlower/PrimalItemConsumable_MulticraftItem_LGS_RareFlower.PrimalItemConsumable_MulticraftItem_LGS_RareFlower,Multicraft Item L G S Rare Flower
/Game/Mods/AE/Structures/EternalGodShrine/LesserShrines/RareFlower/PrimalItemStructure_LGS_RareFlower.PrimalItemStructure_LGS_RareFlower,L G S Rare Flower
/Game/Mods/AE/Structures/EternalGodShrine/LesserShrines/RareMushroom/PrimalItemConsumable_MulticraftItem_LGS_RareMushroom.PrimalItemConsumable_MulticraftItem_LGS_RareMushroom,Multicraft Item L G S Rare Mushroom
/Game/Mods/AE/Structures/EternalGodShrine/LesserShrines/RareMushroom/PrimalItemStructure_LGS_RareMushroom.PrimalItemStructure_LGS_RareMushroom,L G S Rare Mushroom
/Game/Mods/AE/Structures/EternalGodShrine/LesserShrines/Sap/PrimalItemConsumable_MulticraftItem_LGS_Sap.PrimalItemConsumable_MulticraftItem_LGS_Sap,Multicraft Item L G S Sap
/Game/Mods/AE/Structures/EternalGodShrine/LesserShrines/Sap/PrimalItemStructure_LGS_Sap.PrimalItemStructure_LGS_Sap,L G S Sap
/Game/Mods/AE/Structures/EternalGodShrine/LesserShrines/SilicaPearls/PrimalItemConsumable_MulticraftItem_LGS_SilicaPearls.PrimalItemConsumable_MulticraftItem_LGS_SilicaPearls,Multicraft Item L G S Silica Pearls
/Game/Mods/AE/Structures/EternalGodShrine/LesserShrines/SilicaPearls/PrimalItemStructure_LGS_SilicaPearls.PrimalItemStructure_LGS_SilicaPearls,L G S Silica Pearls
/Game/Mods/AE/Structures/EternalGodShrine/LesserShrines/Sparkpowder/PrimalItemConsumable_MulticraftItem_LGS_Sparkpowder.PrimalItemConsumable_MulticraftItem_LGS_Sparkpowder,Multicraft Item L G S Sparkpowder
/Game/Mods/AE/Structures/EternalGodShrine/LesserShrines/Sparkpowder/PrimalItemStructure_LGS_Sparkpowder.PrimalItemStructure_LGS_Sparkpowder,L G S Sparkpowder
/Game/Mods/AE/Structures/EternalGodShrine/LesserShrines/Stone/PrimalItemConsumable_MulticraftItem_LGS_Stone.PrimalItemConsumable_MulticraftItem_LGS_Stone,Multicraft Item L G S Stone
/Game/Mods/AE/Structures/EternalGodShrine/LesserShrines/Stone/PrimalItemStructure_LGS_Stone.PrimalItemStructure_LGS_Stone,L G S Stone
/Game/Mods/AE/Structures/EternalGodShrine/LesserShrines/Thatch/PrimalItemConsumable_MulticraftItem_LGS_Thatch.PrimalItemConsumable_MulticraftItem_LGS_Thatch,Multicraft Item L G S Thatch
/Game/Mods/AE/Structures/EternalGodShrine/LesserShrines/Thatch/PrimalItemStructure_LGS_Thatch.PrimalItemStructure_LGS_Thatch,L G S Thatch
/Game/Mods/AE/Structures/EternalGodShrine/LesserShrines/Wood/PrimalItemConsumable_MulticraftItem_LGS_Wood.PrimalItemConsumable_MulticraftItem_LGS_Wood,Multicraft Item L G S Wood
/Game/Mods/AE/Structures/EternalGodShrine/LesserShrines/Wood/PrimalItemStructure_LGS_Wood.PrimalItemStructure_LGS_Wood,L G S Wood
/Game/Mods/AE/Structures/EternalGrinder/PrimalItemStructure_EternalGrinder.PrimalItemStructure_EternalGrinder,Eternal Grinder
/Game/Mods/AE/Structures/MiniVault/PrimalItemStructure_MiniVault.PrimalItemStructure_MiniVault,Mini Vault
/Game/Mods/AE/Structures/MP_Structures/808WarDrum/PrimalItemStructure_808Wardrums.PrimalItemStructure_808Wardrums,808 Wardrums
/Game/Mods/AE/Structures/MP_Structures/809WarDrum/PrimalItemStructure_809WarDrums.PrimalItemStructure_809WarDrums,809 War Drums
/Game/Mods/AE/Structures/SEBench/PrimalItemStructure_AE_SEBench.PrimalItemStructure_AE_SEBench,A E S E Bench
/Game/Mods/AE/Structures/Teleporter/PrimalItemStructure_AETeleporter.PrimalItemStructure_AETeleporter,A E Teleporter
